1,7,A007,1800001,BANK BUKOPIN,,24/10/2018,23/10/2018,277/PKS-AMD/BSP/X/2017,AMD,1,16,,Berakhir
2,7,A007,1800002,BANK BUKOPIN,,24/10/2017,23/10/2017,277/PKS-AMD/BSP/X/2017,AMD,1,16,,Berakhir
3,7,A007,1800002,BANK BUKOPIN,,24/10/2017,23/10/2018,277/PKS-AMD/BSP/X/2017,AMD,1,16,,Aktif
4,3,A003,1800002,"BANK PEMBANGUNAN DAERAH JAWA BARAT DAN BANTEN, TBK",,2017-01-02,31/01/2020,020/GOP-KON/2017,PKS,1,2,,Aktif
5,8,A008,1800002,"BIANTORO WANANDI, DR.",,2018-01-04,2019-01-04,199/PKS-AMD/BSP/VII/2018,AMD,1,4,,Aktif
6,1,A001,1800003,BPJS KETENAGAKERJAAN,,2018-01-04,31/03/2019,PER/1/052018,PKS,1,8,,Aktif
7,4,A004,1800004,CV BUDI DJAJA,,2018-01-01,31/12/2018,073/PKS-AMD/BSP/II/2018,AMD,1,12,,Aktif
8,4,A004,1800005,CV MEKAR JAYA SENTOSA,,2018-01-01,31/12/2018,062/PKS-AMD/BSP/II/2018,AMD,1,24,,Aktif
9,4,A004,1800006,CV PUSAKA HIDUP,,2017-11-12,2018-10-12,014/PKS-AMD/BSP/I/2018,AMD,1,18,,Aktif
10,1,A001,1800006,CV REMPAH SARI,,2018-03-09,2019-02-09,256/PKS/BSP/IX/2018,PKS,1,0,,Aktif
11,4,A004,1800007,CV SINAR MEKAR,,2018-01-04,31/12/2018,108/PKS-AMD/BSP/IV/2018,AMD,1,5,,Aktif
12,5,A005,1800008,CV SONOKEMBANG,,19/03/2018,31/12/2018,107/PKS-AMD/BSP/III/2018,AMD,1,11,,Aktif
13,4,A004,1800009,CV SRIKANDI MAKMUR SEJAHTERA,,2018-01-01,31/12/2018,079/PKS-AMD/BSP/III/2018,AMD,1,8,,Aktif
14,5,A005,1800010,CV SURYA ASIA PASIFIK,,2018-01-04,31/03/2019,135/PKS/BSP/IV/2018,PKS,1,5,,Aktif
15,5,A005,1800011,CV WINNER MULTISPORT ENTERPRICE,,2017-01-10,30/09/2018,279/PKS-AMD/BSP/X/2018,AMD,1,3,,Aktif
16,7,A007,1800011,EDISON AKI,,2018-01-03,28/02/2019,076/PKS-AMD/BSP/III/2018,AMD,1,1,,Berakhir
17,7,A007,1800012,EDISON AKI,,2018-01-03,28/02/2019,076/PKS-AMD/BSP/III/2018,AMD,1,1,,Aktif
18,1,A001,1800013,E T BANDA ACEH,,2018-01-10,30/09/2020,194/PKS-ADD/BSP/VII/2018,ADD,1,10,,Aktif
19,4,A004,1800014,GEREJA BETLE INDONESIA,,2018-01-08,31/07/2019,209/PKS-AMD/BSP/VII/2018,AMD,1,10,,Aktif
20,5,A005,1800015,GEREJA GLORIA,,2018-01-11,31/10/2019,284/PKS-AMD/BSP/X/2018,AMD,1,2,,Aktif
21,5,A005,1800015,HAI LONG RESTAURANT,,2018-10-06,2018-10-12,257/PKS-AMD/BSP/IX/2018,AMD,1,4,,Aktif
22,7,A007,1800016,HOTEL SAHID PAPUA,,2014-11-07,2015-11-07,153/PKS/BSP/VIII/2014,PKS,1,7,,Aktif
23,4,A004,1800016,JAVENIR,,2018-01-01,31/12/2018,068/PKS-AMD/BSP/II/2018,AMD,1,2,,Aktif
24,7,A007,1800017,JO PT WIJAYA KARYA ( BUMI KARSA ),,2018-01-04,30/09/2018,308/PKS-AMD/BSP/XI/2018,AMD,1,1,,Aktif
25,1,A001,1800018,KANTOR PUSAT OTORITAS JASA KEUANGAN,,2018-01-03,31/12/2018,PRJ-2/KR.05014/PPK/PJL/2018,PKS,1,10,,Aktif
26,1,A001,1800019,KANTOR PUSAT OTORITAS JASA KEUANGAN,,2018-01-04,31/12/2018,SPJ-1/KR.07112/PPK/PJKD/2018,PKS,1,13,,Aktif
27,7,A007,1800020,KANTOR PUSAT OTORITAS JASA KEUANGAN,,2018-01-05,31/12/2018,PRJ-2/KR.06014/PPK/PJTHOS/2018,PKS,1,12,,Aktif
28,5,A005,1800021,KANTOR PUSAT OTORITAS JASA KEUANGAN,,2018-01-05,31/12/2018,SPJ-1/KO.04012/PPK/2018,PKS,1,10,,Aktif
29,6,A006,1800022,KANTOR PUSAT OTORITAS JASA KEUANGAN,,2018-01-06,31/12/2018,PRJ-1/KO.0903/PPK/2018,PKS,1,10,,Aktif
30,1,A001,1800023,KANTOR PUSAT OTORITAS JASA KEUANGAN,,2018-01-06,31/12/2018,PRJ 01 KO. 0501 PJKD-LLG 2018,PKS,1,0,,Aktif
31,8,A008,1800024,KOPERASI SIMPAN PINJAM SAHABAT MITRA SEJATI,,2018-01-05,30/04/2020,162/PKS-AMD/BSP/V/2018,PKS,1,6,,Aktif
32,3,A003,1800025,KOPERASI TELEKOMUNIKASI SELULAR,,2018-01-01,31/12/2018,006/PKS-AMD/BSP/I/2018,AMD,1,8,,Aktif
33,4,A004,1800026,KOSPIN JASA,,2017-01-07,30/06/2018,212/PKS/BSP/VII/2017,PKS,1,18,,Aktif
34,4,A004,1800026,KOSPIN JASA SYARIAH,,2017-01-07,30/06/2018,212/PKS/BSP/VII/2017,PKS,1,7,,Aktif
35,5,A005,1800026,LP3I SURABAYA,,2018-01-07,30/06/2019,145/PKS-AMD/BSP/V/2018,AMD,1,3,,Aktif
36,4,A004,1800027,PARIS JEWELLERY,,22/11/2017,22/11/2018,309/PKS-AMD/BSP/XI/2017,AMD,1,2,,Aktif
37,1,A001,1800027,PD BPR MUSTAQIM SUKAMAKMUR,,2018-01-10,30/03/2019,193/PKS-ADD/BSP/IX/2018,ADD,1,4,,Aktif
38,8,A008,1800028,"PT ADI SARANA ARMADA, TBK",,2018-01-01,31/12/2018,053/PKS-AMD/BSP/II/2018,AMD,1,78,,Aktif
39,8,A008,1800029,PT ADI SARANA LELANG,,2018-01-01,31/12/2018,075/PKS/BSP/III/2018,PKS,1,11,,Aktif
40,8,A008,1800030,"PT ADIRA DINAMIKA MULTI FINANCE, TBK",,2018-01-06,31/12/2019,004-ADD/HCGA-ADMF/LGL/III/2018,ADD,1,599,,Aktif
41,5,A005,1800031,PT ADITYA SARANA GRAHA,,21/08/2018,20/08/2019,224/PKS/BSPVIII/2018,PKS,1,3,,Aktif
42,5,A005,1800032,PT ADITYASEJAHTERA GRAHA,,26/12/2017,25/12/2018,070/PKS-AMD/BSP/II/2018,AMD,1,1,,Aktif
43,2,A002,1800032,PT AGUNG AUTOMALL,,2018-01-01,31/12/2018,018/PKS-AMD/BSP/I/2018,AMD,1,14,,Aktif
44,5,A005,1800033,PT ALTRAK 1978,,2018-01-01,31/12/2018,019/PPJTK-GAI/XII/2017,PKS,1,1,,Aktif
45,4,A004,1800034,PT ANEKA HUSADA,,22/03/2018,22/03/2019,098/PKS-AMD/BSP/III/2018,AMD,1,3,,Aktif
46,1,A001,1800035,PT ANG RUKUN SEJAHTERA,,2018-01-07,31/12/2018,216/PKS-AMD/BSP/VII/2018,AMD,1,1,,Aktif
47,8,A008,1800036,PT ANUGERAH PHARMINDO LESTARI,,2018-01-04,31/03/2019,086/PKS-AMD/BSP/III/2018,AMD,1,275,,Aktif
48,4,A004,1800037,PT APP TIMBER,,19/06/2018,18/06/2018,253/PKS-AMD/BSP/IX/2018,AMD,1,4,,Aktif
49,1,A001,1800038,PT ARAU PERMAI LESTARI,,2018-01-10,30/09/2019,252/PKS-AMD/BSP/IX/2018,AMD,1,3,,Aktif
50,1,A001,1800039,PT ARISTA AUTO PRIMA,,2018-01-04,31/03/2019,147/PKS-ADD/BSP/IV/2018,ADD,1,6,,Aktif
51,1,A001,1800040,PT ARISTA SUKSES MANDIRI,,2018-01-08,31/07/2019,191/PKS-ADD/BSP/VII/2018,ADD,1,3,,Aktif
52,1,A001,1800041,PT ARMADA BANDA JAYA,,2018-01-07,30/06/2019,207/PKS-ADD/BSP/VI/2018,ADD,1,5,,Aktif
53,5,A005,1800042,PT ASIAN BEARINDO JAYA,,16/02/2018,15/02/2019,058/PKS-AMD/BSP/II/2018,AMD,1,3,,Aktif
54,4,A004,1800043,PT ASIANAGRO AGUNG JAYA,,2018-02-01,2019-01-01,200/PKS/BSP/VII/2018,PKS,1,4,,Aktif
55,4,A004,1800044,PT AST INDONESIA,,2018-01-01,31/12/2018,210/PKS/BSP/VII/2018,PKS,1,6,,Aktif
56,4,A004,1800045,"PT ASTRA INTERNATIONAL, TBK",,2018-01-01,31/12/2018,042/PKS-AMD/BSP/II/2018,AMD,1,29,,Aktif
57,6,A006,1800046,"PT ASTRA INTERNATIONAL, TBK",,2018-01-01,31/12/2018,088/PKS-AMD/BSP/III/2018,AMD,1,12,,Aktif
58,4,A004,1800047,"PT ASTRA INTERNATIONAL, TBK",,2018-01-03,28/02/2019,048/PKS-AMD/BSP/II/2018,AMD,1,3,,Aktif
59,2,A002,1800048,"PT ASTRA INTERNATIONAL, TBK",,2018-01-01,31/12/2018,003/PKS/HSO-PLB/I/2018,PKS,1,14,,Aktif
60,6,A006,1800049,"PT ASTRA INTERNATIONAL, TBK",,2018-01-01,31/12/2018,087/PKS-AMD/BSP/III/2018,AMD,1,4,,Aktif
61,4,A004,1800050,"PT ASTRA INTERNATIONAL, TBK",,2018-01-09,31/12/2018,269/PKS-AMD/BSP/X/2018,AMD,1,2,,Aktif
62,4,A004,1800051,"PT ASTRA INTERNATIONAL, TBK",,2017-06-12,2018-05-12,047/PKS-AMD/BSP/II/2018,AMD,1,3,,Aktif
63,4,A004,1800051,"PT ASTRA INTERNATIONAL, TBK",,2018-01-01,31/12/2018,046/PKS-AMD/BSP/II/2018,AMD,1,1,,Aktif
64,4,A004,1800052,"PT ASTRA INTERNATIONAL, TBK",,2018-01-01,31/12/2018,045/PKS-AMD/BSP/II/2018,AMD,1,1,,Aktif
65,2,A002,1800053,"PT ASTRA INTERNATIONAL, TBK",,2018-01-01,31/12/2018,329/PKS/BSP/XII/2017,PKS,1,11,,Aktif
66,4,A004,1800054,"PT ASTRA INTERNATIONAL, TBK",,2018-01-03,20/02/2019,129/PKS/BSP/IV/2018,PKS,1,3,,Aktif
67,4,A004,1800055,"PT ASTRA INTERNATIONAL, TBK",,2018-01-04,2019-01-04,128/PKS/BSP/IV/2018,PKS,1,3,,Aktif
68,4,A004,1800056,"PT ASTRA INTERNATIONAL, TBK",,15/05/2018,31/12/2018,215/PKS/BSP/VII/2018,PKS,1,0,,Aktif
69,3,A003,1800057,"PT ASTRA OTOPARTS, TBK",,2018-01-01,31/12/2018,049/PKS/BSP/II/2018,PKS,1,1,,Aktif
70,8,A008,1800058,PT ASURANSI ADIRA DINAMIKA,,2017-01-04,31/03/2018,205-D/AAD-LEG-AGR/VIII/2017,PKS,1,35,,Aktif
71,8,A008,1800058,PT ASURANSI ALLIANZ LIFE INDONESIA,,2018-01-07,31/12/2019,188/PKS/BSP/IX//2016,PKS,1,21,,Aktif
72,8,A008,1800059,PT ASURANSI ALLIANZ UTAMA INDONESIA,,2018-01-07,31/12/2019,187/PKS/BSP/IX/2016,PKS,1,6,,Aktif
73,3,A003,1800060,PT ASURANSI JIWA SEQUIS LIFE,,2018-01-01,31/12/2018,077/PKS-AMD/BSP/III/2018,AMD,1,2,,Aktif
74,5,A005,1800061,PT ATLANTIC ANUGRAH METALINDO,,2018-01-07,31/12/2018,187/PKS-AMD/BSP/VII/2018,AMD,1,5,,Aktif
75,3,A003,1800062,PT AUTOTECH INDONESIA,,2017-01-11,30/10/2018,283/PKS-AMD/BSP/X/2018,AMD,1,13,,Aktif
76,5,A005,1800062,PT BALI AGUNG WATERS,,2018-01-04,2018-01-10,133/PKS-AMD/BSP/IV/2018,AMD,1,4,,Aktif
77,4,A004,1800063,PT BANGUN TRIPATRIAJATI,,2018-01-01,31/12/2018,069/PKS-AMD/BSP/II/2018,AMD,1,15,,Aktif
78,1,A001,1800064,"PT BANK ACEH, TBK",,2017-01-02,2019-01-02,059/PKS-ADD/BSP/II/2017,ADD,1,226,,Aktif
79,8,A008,1800064,PT BANK AGRIS,,2018-01-01,31/12/2018,105/PKS/BSP/III/2017,PKS,1,35,,Aktif
80,5,A005,1800065,PT BANK BNI SYARIAH,,2018-01-01,31/12/2018,083/PKS-AMD/BSP/III/2018,AMD,1,5,,Aktif
81,1,A001,1800066,PT BANK BNI SYARIAH,,2017-01-01,31/12/2018,316/PKS-ADD/BSP/XII/2016,ADD,1,7,,Aktif
82,8,A008,1800066,"PT BANK CENTRAL ASIA, TBK",,2018-01-01,28/02/2019,084/MGE/PAM/2016,PKS,1,228,,Aktif
83,8,A008,1800067,PT BANK COMMONWEALTH,,2017-01-02,2019-01-02,15/AGR/V/2017,PKS,1,96,,Aktif
84,8,A008,1800067,"PT BANK DANAMON INDONESIA, TBK",,2018-01-06,31/08/2019,0019-1/PKS/PROC/VM/0617,PKS,1,1,,Aktif
85,8,A008,1800068,PT BANK HSBC INDONESIA,,2018-01-08,2020-02-08,044/PK-GPU/VII/2018,PKS,1,104,,Aktif
86,4,A004,1800069,PT BANK HARDA INTERNATIONAL,,2018-01-08,31/07/2019,239/PKS-AMD/BSP/VIII/2018,AMD,1,2,,Aktif
87,8,A008,1800070,PT BANK INA PERDANA,,2018-01-01,31/12/2018,033/PKS-ADD/BSP/I/2018,ADD,1,45,,Aktif
88,5,A005,1800071,PT BANK INDEX SELINDO,,2018-01-03,28/02/2019,085/PKS/BSP/II/2018,PKS,1,7,,Aktif
89,6,A006,1800072,PT BANK MAYAPADA INTERNASIONAL,,2018-01-02,31/01/2019,065/PKS-AMD/BSP/II/2018,AMD,1,12,,Aktif
90,1,A001,1800073,PT BANK MAYAPADA INTERNASIONAL,,2018-01-05,30/04/2019,136/PKS/BSP/IV/2018,PKS,1,7,,Aktif
91,8,A008,1800074,"PT BANK MAYBANK INDONESIA, TBK",,2017-01-02,31/01/2020,015/PKS/BSP/I/2017,PKS,1,764,,Aktif
92,5,A005,1800074,PT BANK MITRANIAGA,,17/06/2018,16/06/2019,201/PKS/BSP/VII/2018,PKS,1,2,,Aktif
93,8,A008,1800075,"PT BANK MUAMALAT INDONESIA, TBK",,31/12/2016,31/12/2018,087/PKS-ADD/BSP/III/2017,ADD,1,187,,Aktif
94,8,A008,1800075,PT BANK NATIONALNOBU,,2018-01-01,31/12/2018,231/PKS/BSP/III/2018,PKS,1,15,,Aktif
95,5,A005,1800076,"PT BANK NEGARA INDONESIA (PERSERO), TBK",,2018-01-12,31/12/2018,313/PKS-ADD/BSP/XI/2018,ADD,1,109,,Aktif
96,5,A005,1800077,"PT BANK NEGARA INDONESIA (PERSERO), TBK",,2018-01-04,31/10/2018,171/PKS-AMD/BSP/VI/2018,AMD,1,23,,Aktif
97,5,A005,1800078,"PT BANK NEGARA INDONESIA (PERSERO), TBK",,2018-01-04,31/10/2018,172/PKS-AMD/BSP/VI/2018,AMD,1,11,,Aktif
98,6,A006,1800079,"PT BANK NEGARA INDONESIA (PERSERO), TBK",,2018-01-11,30/11/2018,282/PKS-AMD/BSP/X/2018,AMD,1,65,,Aktif
99,4,A004,1800080,"PT BANK NUSANTARA PARAHYANGAN, TBK",,2018-01-01,31/12/2018,127/PKS/BSP/IV/2018,PKS,1,16,,Aktif
100,8,A008,1800081,"PT BANK OCBC NISP, TBK",,2015-01-12,30/11/2018,075/CPF/HK.07/RIS/XII/2015,PKS,1,260,,Aktif
101,1,A001,1800081,"PT BANK PAN INDONESIA, TBK",,2018-01-08,31/07/2019,190/PKS-ADD/BSP/VII/2018,ADD,1,9,,Aktif
102,3,A003,1800082,"PT BANK PAN INDONESIA, TBK",,14/06/2018,14/06/2019,218/PKS-AMD/BSP/VII/2018,AMD,1,3,,Aktif
103,7,A007,1800083,PT BANK PEMBANGUNAN DAERAH PAPUA,,2017-04-12,2019-03-12,314/PKS/BSP/XI/2017,PKS,1,112,,Aktif
104,5,A005,1800083,PT BANK PEMBANGUNAN DAERAH PAPUA,,15/05/2018,14/05/2019,04/PKS-BPD.SBY/V/2018,PKS,1,4,,Aktif
105,7,A007,1800084,PT BANK PEMBANGUNAN DAERAH PAPUA,,2017-01-09,31/08/2018,268/PKS/BSP/X/2017,PKS,1,6,,Aktif
106,7,A007,1800084,PT BANK PEMBANGUNAN DAERAH PAPUA,,27/02/2017,27/02/2019,279/PKS-AMD/BSP/X/2017,AMD,1,7,,Aktif
107,8,A008,1800084,PT BANK PEMBANGUNAN DAERAH PAPUA,,2018-01-02,31/01/2019,056/PKS/BSP/I/2018,PKS,1,4,,Aktif
108,7,A007,1800085,PT BANK PEMBANGUNAN DAERAH PAPUA,,2018-06-04,2019-06-04,164/PKS/BPD-NBR/VI/2018,PKS,1,10,,Aktif
109,8,A008,1800086,"PT BANK PERMATA, TBK",,2017-01-01,31/12/2019,PVM.CRES5005830C/CTR/160902,PKS,1,310,,Aktif
110,8,A008,1800086,"PT BANK PERMATA, TBK",,2018-01-01,31/12/2019,PVM.CR/CTR/700228C,PKS,1,10,,Aktif
111,1,A001,1800087,"PT BANK RAKYAT INDONESIA (PERSERO), TBK",,19/11/2017,18/11/2018,318/PKS-ADD/BSP/XII/2017,ADD,1,58,,Aktif
112,1,A001,1800087,"PT BANK RAKYAT INDONESIA (PERSERO), TBK",,19/11/2017,18/11/2018,320/PKS-ADD/BSP/XI./2017,ADD,1,47,,Aktif
113,1,A001,1800087,"PT BANK RAKYAT INDONESIA (PERSERO), Tbk",,19/11/2017,18/11/2018,324/PKS-ADD/BSP/XII/2017,ADD,1,119,,Aktif
114,1,A001,1800087,"PT BANK RAKYAT INDONESIA (PERSERO), TBK",,19/11/2017,18/11/2018,050/PKS-ADD/BSP/XI/2017,ADD,1,32,,Aktif
115,8,A008,1800087,"PT BANK RAKYAT INDONESIA (PERSERO), TBK",,2018-01-07,31/06/2019,223/PKS-ADD/BSP/07/2018,ADD,1,45,,Aktif
116,8,A008,1800088,"PT BANK RAKYAT INDONESIA (PERSERO), Tbk",,2018-01-08,31/07/2019,246/PKS-AMD/BSP/IX/2018,AMD,1,15,,Aktif
117,8,A008,1800089,"PT BANK RAKYAT INDONESIA (PERSERO), TBK",,2018-01-08,31/07/2019,247/PKS-AMD/BSP/IX/2018,AMD,1,4,,Aktif
118,4,A004,1800090,"PT BANK RAKYAT INDONESIA (PERSERO), TBK",,19/11/2017,18/11/2018,303/PKS-ADD/BSP/11/2017,ADD,1,209,,Aktif
119,5,A005,1800090,"PT BANK RAKYAT INDONESIA (PERSERO), TBK",,19/11/2017,18/11/2018,247/PKS-ADD/BSP/IX/2017,ADD,1,65,,Aktif
120,6,A006,1800090,"PT BANK RAKYAT INDONESIA (PERSERO), TBK",,19/11/2017,18/11/2018,306/PKS-ADD/BSP/XI/2018,ADD,1,13,,Aktif
121,7,A007,1800090,"PT BANK RAKYAT INDONESIA (PERSERO), TBK",,19/11/2017,18/11/2018,060/PKS-ADD/BSP/11/2017,ADD,1,79,,Aktif
122,8,A008,1800090,PT BANK SAHABAT SAMPOERNA,,2018-01-05,30/04/2020,161/PKS-AMD/BSP/V/2018,AMD,1,42,,Aktif
123,8,A008,1800091,PT BANK UOB INDONESIA,,2017-01-01,31/12/2018,049/PKS/BSP/I/2017,PKS,1,161,,Aktif
124,5,A005,1800091,PT BANK YUDHA BHAKTI,,24/04/2018,23/04/2019,167/PKS-AMD/BSP/VI/2018,AMD,1,4,,Aktif
125,5,A005,1800092,PT BANK YUDHA BHAKTI,,2017-01-11,31/10/2018,294/PKS-AMD/BSP/XI/2017,AMD,1,10,,Aktif
126,3,A003,1800092,PT BARKUN CITRA NUSANTARA,,2018-01-09,31/08/2019,254/PKS-AMD/BSP/IX/2018,AMD,1,10,,Aktif
127,6,A006,1800093,PT BERKAT ANUGERAH SEJAHTERA,,13/08/2018,2018-12-11,251/PKS-AMD/BSP/IX/2018,AMD,1,2,,Aktif
128,7,A007,1800094,"PT BFI FINANCE INDONESIA, Tbk",,22/02/2018,21/01/2019,111/PKS/BSP/IV/2018,PKS,1,4,,Aktif
129,3,A003,1800095,PT BHINNEKA MENTARIDIMENSI,,2018-05-05,2019-04-05,153/PKS-AMD/BSP/V/2018,AMD,1,4,,Aktif
130,5,A005,1800096,PT BHUMIDANA INDONESIA,,2018-01-01,31/12/2018,032/PKS-AMD/BSP/I/2018,AMD,1,13,,Aktif
131,1,A001,1800097,PT BINTANG INTAN SARANA,,2018-01-01,31/12/2018,322/PKS/BSP/XII/2017,PKS,1,6,,Aktif
132,1,A001,1800098,PT BPR BANDA RAYA,,2018-01-01,31/12/2018,011/PKS-AMD/BSP/I/2018,AMD,1,2,,Aktif
133,4,A004,1800099,PT BPR GROGOL JAYA,,20/12/2017,20/12/2018,031/PKS-AMD/BSP/I/2018,AMD,1,1,,Aktif
134,1,A001,1800099,PT BPR TUNAS MITRA MANDIRI,,2018-01-01,31/12/2018,028/PKS-AMD/BSP/I/2018,AMD,1,6,,Aktif
135,1,A001,1800100,PT BPR TUNAS MITRA MANDIRI,,2018-01-01,31/12/2018,027/PKS-AMD/BSP/I/2018,AMD,1,6,,Aktif
136,4,A004,1800101,PT BUANA KARYA SUGIARTHA,,2018-01-03,30/04/2019,105/PKS/BSP/III/2018,PKS,1,3,,Aktif
137,1,A001,1800102,"PT BUKIT ASAM (PERSERO), TBK",,2018-01-04,30/06/2018,060/PJJ/EKS-16200/HK.03/2017,PKS,1,20,,Aktif
138,1,A001,1800103,PT BUMI MENARA INTERNUSA,,2018-01-07,30/06/2019,180/PKS-AMD/BSP/VI/2018,AMD,1,4,,Aktif
139,5,A005,1800104,PT BUMI PEMBANGUNAN PERTIWI,,2018-01-04,31/03/2019,169/PKS-AMD/BSP/VI/2018,AMD,1,33,,Aktif
140,5,A005,1800105,PT BUMI PENGEMBANGAN PERTIWI,,2018-01-01,31/12/2018,057/PKS-AMD/BSP/II/2018,AMD,1,21,,Aktif
141,7,A007,1800106,PT BUMI PRIMA JAYA,,2017-01-10,31/03/2018,116/PKS/BSP/X/2017,PKS,1,2,,Aktif
142,4,A004,1800106,PT CANDI MEKAR,,21/11/2017,20/11/2018,029/PKS-AMD/BSP/I/2018,AMD,1,8,,Aktif
143,6,A006,1800106,PT CANDI PASIFIK,,22/12/2017,21/12/2018,022/PKS-AMD/BSP/I/2018,AMD,1,17,,Aktif
144,8,A008,1800106,PT CIMB NIAGA AUTO FINANCE,,2017-01-11,31/10/2018,005/PKS/BSP/XI/2017,PKS,1,96,,Aktif
145,4,A004,1800106,PT CITO PUTRA UTAMA,,2018-06-01,2019-05-01,066/PKS-AMD/BSP/II/2018,AMD,1,18,,Aktif
146,5,A005,1800107,PT CITRA MAHARDIKA USAHA,,20/03/2018,19/03/2019,138/PKS-AMD/BSP/IV/2018,AMD,1,4,,Aktif
147,4,A004,1800108,PT CITRA MANDIRI MULTI FINANCE,,22/11/2017,22/11/2018,334/PKS-AMD/BSP/XII/2017,AMD,1,6,,Aktif
148,5,A005,1800108,"PT CLIPAN FINANCE INDONESIA, TBK",,2017-06-03,2018-05-03,009/PKS/BSP/III/2017,PKS,1,0,,Aktif
149,4,A004,1800108,"PT CLIPAN FINANCE INDONESIA, Tbk",,2017-01-06,31/05/2018,167/PKS/BSP/VI/2017,PKS,1,0,,Aktif
150,1,A001,1800108,PT DARUSSALAM BERLIAN MOTOR,,2018-01-05,30/04/2019,146/PKS-ADD/BSP/IV/2018,ADD,1,3,,Aktif
151,1,A001,1800109,PT DESKCOL INDONESIA SEJAHTERA,,2018-01-02,2019-01-02,104/PKS-AMD/BSP/III/2018,AMD,1,8,,Aktif
152,4,A004,1800110,PT DESKCOL INDONESIA SEJAHTERA,,2018-01-06,2019-01-06,154/PKS/BSP/V/2018,PKS,1,0,,Aktif
153,5,A005,1800111,PT DHARMA LAUTAN UTAMA,,2017-01-11,31/10/2018,280/PKS/BSP/X/2017,PKS,1,6,,Aktif
154,4,A004,1800111,PT DIAMANTE NATURA SEJAHTERA,,2017-12-22,22/12/2018,144/PKS/BSP/V/2018,PKS,1,4,,Aktif
155,3,A003,1800111,PT DICKY METALS,,2018-01-08,31/07/2019,221/PKS-AMD/BSP/VIII/2018,AMD,1,7,,Aktif
156,3,A003,1800112,PT DIRGANTARA INDONESIA,,2018-01-01,31/12/2018,034/PKS/BSP/I/2018,PKS,1,131,,Aktif
157,1,A001,1800113,PT DISTRIVERSA BUANAMAS,,2018-01-03,28/02/2019,026/PKS-AMD/BSP/I/2018,AMD,1,1,,Aktif
158,4,A004,1800114,PT DOVA PUTRA MANUNGGAL SEJATI,,2018-01-08,31/12/2018,237/PKS-AMD/BSP/VIII/2018,AMD,1,7,,Aktif
159,4,A004,1800115,PT DUTA KEKAR PLASINDO,,2018-01-06,31/05/2019,202/PKS-AMD/BSP/VII/2018,AMD,1,19,,Aktif
160,5,A005,1800116,PT EAST HOPE AGRICULTURE SURABAYA,,2018-10-17,16/10/2019,266/PKS-AMD/BSP/X/2018,AMD,1,4,,Aktif
161,4,A004,1800117,PT ELIZABETH HANJAYA,,2018-09-10,2019-08-10,265/PKS-AMD/BSP/X/2018,PKS,1,1,,Aktif
162,1,A001,1800118,PT ELIZABETH HANJAYA,,2018-04-09,2019-03-09,242/PKS/BSP/IX/2018,PKS,1,9,,Aktif
163,4,A004,1800119,"PT ENSEVAL PUTERA MEGATRADING, TBK",,2018-01-01,31/12/2018,044/PKS-AMD/BSP/II/2018,AMD,1,6,,Aktif
164,6,A006,1800120,PT ERSIHAN SATYAPRATAMA,,2018-01-07,31/12/2018,217/PKS-AMD/BSP/VII/2018,AMD,1,5,,Aktif
165,4,A004,1800121,PT EURO DESIGN,,2018-12-02,2019-11-02,020/PKS-AMD/BSP/I/2018,AMD,1,6,,Aktif
166,1,A001,1800122,PT EVERBRIGHT ABC,,2018-01-10,30/06/2019,228/PKS-AMD/BSP/VIII/2018,AMD,1,2,,Aktif
167,3,A003,1800123,PT EXERTAINMENT INDONESIA,,2018-01-01,31/12/2018,339/PKS-AMD/BSP/XII/2017,AMD,1,2,,Aktif
168,3,A003,1800124,PT FAASRI UTAMA SAKTI,,2018-01-02,31/01/2019,021/PKS-AMD/BSP/I/2018,AMD,1,13,,Aktif
169,8,A008,1800125,PT FEDERAL INTERNATIONAL FINANCE,,2018-11-06,2019-11-06,148/PKS/BSP/V/2018,PKS,1,318,,Aktif
170,8,A008,1800126,PT FINANSIA MULTI FINANCE,,2018-01-05,30/04/2019,186/PKS-AMD/BSP/VII/2018,AMD,1,97,,Aktif
171,3,A003,1800127,PT FUMAKILLA INDONESIA,,2018-11-01,2019-10-01,330/PKS-AMD/BSP/XII/2017,AMD,1,8,,Aktif
172,1,A001,1800128,PT GLOBAL MITRA PRIMA,,2018-01-04,31/03/2019,181/PKS-AMD/BSP/VI/2018,AMD,1,3,,Aktif
173,5,A005,1800129,PT GRAHA SAFA MULIA,,2018-01-04,31/03/2019,110/PKS-AMD/BSP/IV/2018,AMD,1,10,,Aktif
174,8,A008,1800130,PT GRAHA SARANA DUTA,,2018-01-01,31/12/2018,042/HK.810/GSD-000/2018,PKS,1,1386,,Aktif
175,5,A005,1800131,PT GRESIK GASES INDONESIA,,2018-01-08,31/12/2018,267/PKS/BSP/IX/2018,PKS,1,13,,Aktif
176,5,A005,1800132,PT GRESIK POWER INDONESIA,,2018-01-08,31/12/2018,267/PKS/BSP/IX/2018,PKS,1,13,,Aktif
177,4,A004,1800133,PT GRIYA MEDIKA NISMARA,,2018-01-01,31/12/2018,063/PKS-AMD/BSP/II/2018,AMD,1,5,,Aktif
178,8,A008,1800134,PT HANWHA LIFE INSURANCE INDONESIA,,18/11/2017,17/11/2018,041/HLI-HRG-GAD/11-2018,ADD,1,5,,Aktif
179,1,A001,1800134,PT HASILINDO SAWIT CIPTAMA,,26/10/2018,25/04/2019,293/PKS-AMD/BSP/X/2018,AMD,1,5,,Aktif
180,7,A007,1800135,PT HILON INDONESIA,,18/11/2018,17/11/2019,316/PKS-AMD/BSP/XI/2018,AMD,1,1,,Aktif
181,8,A008,1800135,PT INDOSIAR VISUAL MANDIRI,,2018-01-01,31/12/2018,071/PKS-AMD/BSP/I/2018,AMD,1,18,,Aktif
182,5,A005,1800136,PT INDO QTOUR MANAJEMEN,,22/04/2018,22/04/2019,155/PKS/BSP/V/2018,PKS,1,4,,Aktif
183,1,A001,1800137,PT INDRA ANGKOLA,,26/10/2018,25/04/2019,295/PKS-AMD/BSP/X/2018,AMD,1,2,,Aktif
184,5,A005,1800138,PT INTI KOKOH MAKMUR,,2018-01-01,31/12/2018,095/PKS-AMD/BSP/III/2018,AMD,1,3,,Aktif
185,5,A005,1800139,PT JATIM PETROLEUM TRANSPORT,,2018-01-06,31/05/2019,166/PKS-AMD/BSP/VI/2018,AMD,1,3,,Aktif
186,4,A004,1800140,PT JAWASURYA KENCANA INDAH,,2018-01-01,31/12/2018,007/PKS-AMD/BSP/I/2018,AMD,1,10,,Aktif
187,3,A003,1800141,PT KAO INDONESIA,,2018-01-09,31/08/2019,240/PKS-AMD/BSP/VIII/2018,AMD,1,31,,Aktif
188,3,A003,1800142,PT KAO INDONESIA,,2017-01-12,30/11/2018,281/PKS-AMD/BSP/X/2017,AMD,1,36,,Aktif
189,5,A005,1800142,PT KARUNIA ABADI MANDIRI USAHA,,2018-01-02,31/01/2019,096/PKS-AMD/BSP/III/2018,AMD,1,10,,Aktif
190,4,A004,1800143,PT KARYA CIPTA UNGGUL NUSANTARA,,2018-01-09,31/08/2019,212/PKS-AMD/BSP/VII/2018,AMD,1,16,,Aktif
191,1,A001,1800144,PT KARYA SUKA ABADI,,2018-01-01,31/12/2018,302/PKS-ADD/BSP/XI/2017,ADD,1,2,,Aktif
192,4,A004,1800145,PT KAWASAN INDUSTRI KENDAL,,2018-01-06,30/06/2018,003/ADD/BRAVO-KIK/V/2018,ADD,1,0,,Aktif
193,3,A003,1800146,PT KEMASAN JAYAMAKMUR,,2018-01-11,31/12/2018,274/PKS-AMD/BSP/X/2018,AMD,1,4,,Aktif
194,4,A004,1800147,PT KIA MOBIL DINAMIKA,,25/06/2014,24/06/2015,121/PKS-ADD/BSP/VI/2014,ADD,1,6,,Aktif
195,3,A003,1800147,PT KOMATSU BANE INDONESIA,,24/07/2018,23/07/2019,214/PKS-AMD/BSP/VII/2018,AMD,1,1,,Aktif
196,3,A003,1800148,PT KYOKUTO INDOMOBIL MANUFACTURING INDONESIA,,15/08/2017,14/08/2019,221/PKS-AMD/BSP/VIII/2017,AMD,1,13,,Aktif
197,4,A004,1800148,PT LANGENHARJO MAKMUR PLASINDO,,2018-11-07,2019-10-07,219/PKS-AMD/BSP/VII/2018,AMD,1,4,,Aktif
198,1,A001,1800149,PT MAHAMERU AKSARA AGRI,,2018-01-10,30/09/2019,262/PKS-AMD/BSP/IX/2018,AMD,1,10,,Aktif
199,5,A005,1800150,PT MAKMUR MARINA METALINDO,,2018-01-01,31/12/2018,061/PKS-AMD/BSP/II/2018,AMD,1,2,,Aktif
200,3,A003,1800151,PT MALAKA BERKAH BERLIMPAH,,2018-01-10,2019-01-03,259/PKS-AMD/BSP/IX/2018,AMD,1,2,,Aktif
201,8,A008,1800152,PT MAYBANK INDONESIA FINANCE,,2018-01-01,31/12/2018,283/PKS-ADD/BSP/XI/2017,ADD,1,2,,Aktif
202,4,A004,1800153,PT MEKAR JAYA SENTOSA MULTIKARYA,,26/07/2018,31/12/2018,259/PKS/BSP/IX/2018,PKS,1,8,,Aktif
203,5,A005,1800154,PT MENARA JAYA LESTARI,,2018-01-09,31/08/2019,235/PKS-AMD/BSP/VIII/2018,AMD,1,13,,Aktif
204,4,A004,1800155,PT MENSA BINA SUKSES,,2018-01-01,31/12/2018,234/PKS-AMD/BSP/VIII/2018,AMD,1,4,,Aktif
205,1,A001,1800156,PT MENSA BINA SUKSES,,14/06/2018,13/06/2020,206/PKS-ADD/BSP/VI/2018,ADD,1,4,,Aktif
206,1,A001,1800157,PT MERAPI UTAMA PHARMA,,2018-01-08,31/07/2019,188/PKS/BSP/VII/2018,PKS,1,4,,Aktif
207,1,A001,1800158,PT MIGAS ANGKOLA PERSADA,,26/10/2018,25/04/2018,294/PKS-AMD/BSP/X/2018,AMD,1,2,,Aktif
208,1,A001,1800159,PT MITRA KERINCI,,2018-07-09,2019-07-09,280/PKS-AMD/BSP/X/2018,AMD,1,3,,Aktif
209,7,A007,1800159,PT MITRA MAKMUR PERMAI,,15/05/2018,15/05/2019,156/PKS-AMD/BSP/V/2018,AMD,1,4,,Aktif
210,3,A003,1800160,PT MITSUBA AUTOMOTIVE PARTS,,26/02/2018,25/02/2019,054/PKS-AMD/BSP/II/2018,AMD,1,17,,Aktif
211,8,A008,1800161,"PT MITRA PINASTHIKA MUSTIKA, TBK",,2018-01-02,31/01/2019,126/PKS/BSP/IV/2018,PKS,1,19,,Aktif
212,8,A008,1800162,PT MITRA PINASTHIKA MUSTIKA FINANCE,,2018-01-01,31/12/2018,016/MPMF/CSL/PKP.BSP/XII/2017,PKS,1,51,,Aktif
213,3,A003,1800163,PT MULTI VISCOMINDO,,2018-01-07,31/12/2018,168/PKS-AMD/BSP/VI/2018,AMD,1,7,,Aktif
214,8,A008,1800164,"PT MULTIFILING MITRA INDONESIA, TBK",,2018-01-01,31/12/2018,002/PKS/MMI-BSP/I/2018,PKS,1,32,,Aktif
215,8,A008,1800165,PT MULTINDO AUTO FINANCE,,2018-01-05,30/04/2019,225/PKS-AMD/BSP/V/2018,AMD,1,22,,Aktif
216,4,A004,1800166,PT NAMASINDO PLAS,,2018-01-11,2019-01-11,285/PKS-AMD/BSP/X/2018,PKS,1,7,,Aktif
217,3,A003,1800166,PT NATIONAL ASSEMBLER,,2018-01-01,31/12/2018,315/PKS-AMD/BSP/XI/2017,AMD,1,17,,Aktif
218,1,A001,1800167,PT NATRACO SPICES INDONESIA,,2017-03-11,2018-02-11,293/PKS-AMD/BSP/XI/2017,AMD,1,2,,Aktif
219,4,A004,1800167,PT NAYATI INDONESIA,,2018-01-04,31/03/2019,131/PKS/BSP/IV/2018,PKS,1,21,,Aktif
220,7,A007,1800168,PT NEW HOPE INDONESIA,,2018-04-10,2019-03-10,288/PKS-AMD/BSP/X/2018,AMD,1,10,,Aktif
221,7,A007,1800168,PT NIAGA NUSA ABADI,,27/01/2018,26/01/2019,094/PKS/BSP/III/2018,PKS,1,5,,Aktif
222,3,A003,1800169,PT NIPRO INDONESIA JAYA,,21/09/2018,20/06/2019,299/PKS/BSP/XI/2018,PKS,1,30,,Aktif
223,4,A004,1800170,PT NISSIN BISCUIT INDONESIA,,2018-01-01,2019-01-01,124/PKS/BSP/IV/2018,PKS,1,18,,Aktif
224,1,A001,1800171,PT NITA INTAN SARANA,,2018-01-01,31/12/2018,323/PKS-AMD/BSP/XII/2017,AMD,1,9,,Aktif
225,4,A004,1800172,"PT NUSA RAYA CIPTA, TBK",,2018-01-11,30/11/2018,286/PKS-AMD/BSP/X/2018,AMD,1,3,,Aktif
226,4,A004,1800173,PT PACIFIC FURNITURE,,2016-01-07,30/06/2018,281/PKS-AMD/BSP/X/2018,AMD,1,9,,Aktif
227,1,A001,1800173,PT PARIT PADANG GLOBAL,,2018-01-01,31/12/2018,064/PPG-BSP/JASA/JMB/II/2018,PKS,1,4,,Aktif
228,1,A001,1800174,PT PARIT PADANG GLOBAL,,2018-01-08,31/07/2019,299/PPG-BSP/JASA/MDN/VI/2018,PKS,1,6,,Aktif
229,4,A004,1800175,PT PASIFIK PERTAMA INDONESIA,,2018-01-01,30/06/2018,082/PKS/BSP/III/2018,PKS,1,16,,Aktif
230,2,A002,1800176,PT PELNAS FAJAR MARINDO RAYA,,2018-01-01,31/12/2018,012/PKS-AMD/BSP/I/2018,AMD,1,3,,Aktif
231,4,A004,1800177,PT PRASTIKA SARANA,,2018-01-02,31/01/2019,132/PKS-AMD/BSP/IV/2018,AMD,1,5,,Aktif
232,5,A005,1800178,PT PRATAMA MITRA SEJATI,,2018-01-01,31/12/2018,009/PMS-10000/2018.PKSM,PKS,1,5,,Aktif
233,4,A004,1800179,PT PRIMA ANAGA RAINA,,2018-01-08,2019-01-08,263/PKS-AMD/BSP/IX/2018,AMD,1,18,,Aktif
234,3,A003,1800180,PT PRIMA VISTA SOLUSI,,21/10/2018,20/10/2019,272/PKS-AMD/BSP/X/2018,AMD,1,5,,Aktif
235,6,A006,1800180,PT PRIMACON,,2018-03-03,2019-02-03,099/PKS/BSP/III/2018,PKS,1,5,,Aktif
236,1,A001,1800181,PT PRODIA WIDYAHUSADA,,2017-02-03,2019-01-03,082/PKS/BSP/III/2017,PKS,1,2,,Aktif
237,6,A006,1800181,PT PUTRA BINTANG SAMARINDA,,2018-01-08,31/07/2019,226/PKS-ADD/BSP/VIII/2018,ADD,1,5,,Aktif
238,4,A004,1800182,PT PUTRA SUMBER WISATA JAYA,,2018-01-03,28/02/2019,134/PKS-AMD/BSP/IV/2018,AMD,1,20,,Aktif
239,4,A004,1800183,PT PUTRA WAHID LAND,,2018-01-06,31/05/2019,162/PKS/BSP/V/2018,PKS,1,9,,Aktif
240,4,A004,1800184,PT PUTRA WAHID PRATAMA,,2018-01-06,31/05/2019,161/PKS//BSP/V/2018,PKS,1,16,,Aktif
241,8,A008,1800185,"PT RADANA BHASKARA FINANCE, TBK",,2017-02-01,31/12/2018,301/PKS-ADD/BSP/XII/2016,ADD,1,56,,Aktif
242,3,A003,1800185,PT RECKITT BENCKISER INDONESIA,,2018-02-11,2019-01-02,312/PKS/BSP/XI/2017,PKS,1,40,,Aktif
243,3,A003,1800185,PT RESTOMART CIPTA USAHA,,2017-01-11,31/10/2018,266/PKS-AMD/BSP/X/2017,AMD,1,7,,Aktif
244,5,A005,1800185,PT RESTOMART CIPTA USAHA,,15/01/2018,14/01/2019,113/PKS-AMD/BSP/IV/2018,AMD,1,3,,Aktif
245,4,A004,1800186,PT RESTOMART CIPTA USAHA,,2018-01-04,31/03/2019,130/PKS/BSP/IV/2018,PKS,1,21,,Aktif
246,4,A004,1800187,PT RIEZ PALACE INDONESIA,,2018-01-07,31/12/2018,264/PKS-AMD/BSP/X/2018,AMD,1,7,,Aktif
247,3,A003,1800188,PT RODAMAS,,2018-01-01,31/12/2018,316/PKS-AMD/BSP/XII/2017,AMD,1,40,,Aktif
248,5,A005,1800189,PT RODAMAS,,2018-01-01,31/12/2018,038/PKS/BSP/I/2018,PKS,1,16,,Aktif
249,4,A004,1800190,PT RUTAN,,16/07/2018,15/01/2019,245/PKS/BSP/IX/2018,PKS,1,1,,Aktif
250,3,A003,1800191,PT SANITAS,,2018-01-07,31/12/2018,179/PKS-AMD/BSP/VI/2018,AMD,1,10,,Aktif
251,5,A005,1800192,PT SASA INTI,,2018-01-01,31/12/2018,080/PKS/BSP/III/2018,PKS,1,58,,Aktif
252,4,A004,1800193,PT SEJAHTERA MITRA SOLUSI,,27/07/2018,26/07/2019,156/SMS-PKS/VIII/2018,PKS,1,2,,Aktif
253,6,A006,1800194,PT SELARAS ANUGERAH SENTOSA,,2018-06-01,2019-05-01,013/PKS-AMD/BSP/I/2018,AMD,1,12,,Aktif
254,7,A007,1800195,PT SELERA INTER JAYA,,26/12/2017,25/12/2018,025/PKS-AMD/BSP/I/2018,AMD,1,1,,Aktif
255,7,A007,1800195,PT SEMEN TONASA,,2018-01-01,31/12/2018,3906/SP/HK.02.04/34.30/12-2017,PKS,1,262,,Aktif
256,7,A007,1800196,PT SINAR MANDIRI JAYARAYA,,2018-01-09,31/08/2019,244/PKS-AMD/BSP/IX/2018,AMD,1,3,,Aktif
257,1,A001,1800197,PT SINAR MITRA SEPADAN FINANCE (SMS FINANCE),,2018-10-10,2019-09-10,291/PKS-AMD/BSP/X/2018,AMD,1,1,,Aktif
258,7,A007,1800197,PT SINAR NIAGA SEJAHTERA,,13/11/2017,2018-12-11,304/PKS/BSP/XI/2017,PKS,1,3,,Aktif
259,7,A007,1800197,PT SINAR NIAGA SEJAHTERA,,2018-01-02,31/01/2019,052/PKS/BSP/II/2018,PKS,1,4,,Aktif
260,7,A007,1800198,PT SINAR NIAGA SEJAHTERA,,14/05/2018,13/05/2019,150/PKS/BSP/V/2018,PKS,1,4,,Aktif
261,7,A007,1800199,PT SINAR NIAGA SEJAHTERA,,2018-01-05,30/04/2019,160/PKS/BSP/V/2018,PKS,1,0,,Aktif
262,7,A007,1800200,PT SINAR NIAGA SEJAHTERA,,13/06/2018,2019-12-06,184/PKS/BSP/VI/2018,PKS,1,2,,Aktif
263,7,A007,1800201,PT SINAR NIAGA SEJAHTERA,,2018-06-07,30/06/2019,189/PKS/BSP/VII/2018,PKS,1,0,,Aktif
264,7,A007,1800202,PT SINAR NIAGA SEJAHTERA,,30/07/2018,31/07/2019,233/PKS/BSP/VIII/2018,PKS,1,0,,Aktif
265,1,A001,1800203,PT SINBUN SIBREH,,2018-01-09,31/08/2020,192/PKS-ADD/BSP/VIII/2018,ADD,1,4,,Aktif
266,5,A005,1800204,PT SINERGI MITRA INVESTAMA,,2018-01-09,31/08/2019,250/PKS/BSP/IX/2018,PKS,1,0,,Aktif
267,5,A005,1800205,PT SINGULAR POINT ASIA,,2017-03-09,2018-02-09,241/PKS-AMD/BSP/IX/2017,AMD,1,3,,Aktif
268,4,A004,1800205,PT SONOKEMBANG TUNAS JAYA,,2018-01-01,31/12/2018,211/PKS/BSP/VII/2018,PKS,1,5,,Aktif
269,3,A003,1800206,PT SUBUR MITRA GRAFISTAMA,,2018-01-01,31/12/2018,338/PKS-AMD/BSP/XII/2017,AMD,1,19,,Aktif
270,8,A008,1800207,PT SUMBER CIPTA MULTINIAGA,,2018-01-01,31/12/2018,139/PKS-AMD/BSP/IV/2018,AMD,1,115,,Aktif
271,8,A008,1800208,PT SUMBER HIDUP SEHAT,,16/08/2018,15/08/2019,232/PKS/BSP/VIII/2018,PKS,1,3,,Aktif
272,3,A003,1800209,PT SUMBERDAYA SEWATAMA,,2018-01-01,31/12/2018,015/PKS-ADD/BSP/I/2018,ADD,1,28,,Aktif
273,5,A005,1800210,PT SURABAYA PETROLEUM TRANSPORT,,2018-01-06,31/05/2019,165/PKS-AMD/BSP/VI/2018,AMD,1,4,,Aktif
274,6,A006,1800211,PT SURYA MADISTRINDO,,2018-01-01,31/12/2018,007/SM/AO/BLN/XII/2017,PKS,1,6,,Aktif
275,7,A007,1800212,PT SURYA MANDIRI JAYA PRATAMA,,18/10/2018,17/10/2019,309/PKS-AMD/BSP/XI/2018,AMD,1,4,,Aktif
276,4,A004,1800212,PT SURYA UTAMADIAN NUSA,,25/06/2014,24/06/2015,121/PKS-ADD/BSP/VI/2014,ADD,1,0,,Aktif
277,1,A001,1800212,PT SUTAN KASIM,,2018-01-01,31/12/2018,301/PKS-ADD/BSP/XI/2017,ADD,1,2,,Aktif
278,3,A003,1800213,PT SWAKARYA INSAN MANDIRI,,2018-01-02,2019-01-02,102/PKS-AMD/BSP/III/2018,AMD,1,31,,Aktif
279,3,A003,1800214,PT SWAKARYA INSAN MANDIRI,,22/11/2018,31/12/2018,276/PKS-AMD/BSP/IX/2018,AMD,1,10,,Aktif
280,3,A003,1800214,PT SWAKARYA INSAN MANDIRI,,31/05/2018,31/05/2019,178/PKS/BSP/VI/2018,PKS,1,0,,Aktif
281,3,A003,1800215,PT TACHI-S INDONESIA,,15/06/2018,30/09/2018,183/PKS-AMD/BSP/VI/2018,AMD,1,5,,Aktif
282,3,A003,1800216,PT TACHI-S INDONESIA,,2018-01-07,30/09/2018,182/PKS-AMD/BSP/VI/2018,AMD,1,1,,Aktif
283,3,A003,1800217,PT TATSUMI INDONESIA,,2018-01-04,31/03/2019,118/PKS/BSP/IV/2018,PKS,1,8,,Aktif
284,4,A004,1800218,PT TAT WAI INDUSTRIES,,2017-12-08,2018-11-08,300/PKS-AMD/BSP/XI/2017,AMD,1,4,,Aktif
285,4,A004,1800218,PT TECHPACK ASIA,,2018-01-01,31/12/2018,019/PKS/BSP/I/2018,PKS,1,21,,Aktif
286,2,A002,1800219,PT TITIS SAMPURNA,,2018-01-05,30/04/2019,205/PKS-AMD/BSP/VII/2018,AMD,1,18,,Aktif
287,1,A001,1800220,PT TRANSPORTASI GAS INDONESIA,,2018-01-10,30/09/2020,1SVC-042103,PKS,1,0,,Aktif
288,5,A005,1800221,PT TRAKTOR NUSANTARA,,2018-01-05,30/04/2019,TNS/046/BOH/IV/2018,PKS,1,4,,Aktif
289,1,A001,1800222,PT TRIMITRA BOGA SELARAS,,2018-01-05,30/04/2019,092/PKS/BSP/III/2018,PKS,1,11,,Aktif
290,3,A003,1800223,PT TUMBAKMAS NIAGASAKTI,,2018-01-01,31/12/2018,332/PKS/BSP/XII/2017,PKS,1,31,,Aktif
291,1,A001,1800224,PT TUNAS AGRO SEJATI,,26/04/2018,25/10/2018,143/PKS/BSP/V/2018,PKS,1,1,,Aktif
292,3,A003,1800225,PT TUNGGAL IDAMAN ABDI,,2018-01-02,31/01/2019,016/PKS-AMD/BSP/I/2018,AMD,1,38,,Aktif
293,7,A007,1800226,PT UNILEVER ENTERPRISE INDONESIA,,26/03/2018,25/03/2019,122/PKS/BSP/IV/2018,PKS,1,4,,Aktif
294,8,A008,1800227,"PT UNILEVER INDONESIA, TBK",,2018-01-01,31/12/2018,340/PKS-ADD/BSP/XII/2017,ADD,1,155,,Aktif
295,5,A005,1800228,"PT UNITED TRACTORS, TBK",,2018-01-01,31/12/2018,002/SM-HC/SBY/I/2018,PKS,1,6,,Aktif
296,4,A004,1800229,PT VALUTA INDOJAYA PRIMA,,2018-01-03,28/02/2019,117/PKS-AMD/BSP/IV/2018,AMD,1,1,,Aktif
297,1,A001,1800230,PT VITA MANDIRI JAYA,,2017-01-10,30/09/2018,310/PKS-AMD/BSP/XI/2017,AMD,1,12,,Aktif
298,3,A003,1800230,PT WAHANA INDO TRADA,,2018-01-01,31/12/2018,005/PKPJO/WIT-BSP/LGL/I/2018,PKS,1,7,,Aktif
299,3,A003,1800231,PT WAHANA INTI NARENDRA,,2018-01-02,2019-01-02,083/PKS-AMD/BSP/III/2018,AMD,1,5,,Aktif
300,3,A003,1800232,PT WAHANA INTI NARENDRA,,2018-01-02,2019-01-02,103/PKS-AMD/BSP/III/2018,AMD,1,4,,Aktif
301,3,A003,1800233,PT WAHANA INTI NARENDRA,,16/01/2018,15/01/2019,106/PKS-AMD/BSP/III/2018,AMD,1,5,,Aktif
302,4,A004,1800234,PT WAHANA INTI NARENDRA,,2018-06-09,31/12/2018,277/PKS-AMD/BSP/X/2018,AMD,1,5,,Aktif
303,4,A004,1800234,PT WAHANA SUN MOTOR SEMARANG,,2016-01-01,31/12/2016,012A/PKPJO/WSMS-BSP/LGL/I/2016,PKS,1,0,,Aktif
304,4,A004,1800234,PT WALET PROPERTINDO LESTARI,,2017-01-01,31/12/2017,310/PKS-AMD/BSP/XII/2016,AMD,1,0,,Aktif
305,7,A007,1800234,"PT WIJAYA KARYA (PERSERO), TBK",,2018-01-10,30/09/2019,249/PKS-AMD/BSP/IX/2018,AMD,1,1,,Aktif
306,4,A004,1800235,RS ISLAM WONOSOBO,,2018-01-08,31/07/2019,261/PKS/BSP/VIII/2018,PKS,1,5,,Aktif
307,1,A001,1800235,RS SITI RAHMAH,,2018-01-07,30/06/2019,222/PKS-AMD/BSP/VII/2018,AMD,1,11,,Aktif
308,4,A004,1800236,RS TELOGOREJO,,2018-01-03,28/02/2019,20/DIR-PKS/K/2018,PKS,1,43,,Aktif
309,4,A004,1800237,RS TELOGOREJO,,2018-01-03,28/02/2019,53/DIR-PKS/K/2018,PKS,1,4,,Aktif
310,4,A004,1800238,RSU PKU MUHAMMADIYAH,,2018-01-05,30/04/2019,208/PKS-AMD/BSP/VII/2018,AMD,1,17,,Aktif
311,4,A004,1800239,TAMAN WISATA BALEKAMBANG,,2018-01-01,31/12/2018,037/PKS-AMD/BSP/I/2018,AMD,1,4,,Aktif
312,5,A005,1800240,TOKO EMAS DINAR,,2017-01-08,31/07/2018,239/PKS-AMD/BSP/IX/2017,PKS,1,1,,Aktif
313,5,A005,1800240,TOKO EMAS PUTRA DINAR,,24/08/2018,23/08/2019,238/PKS-AMD/BSP/VIII/2018,AMD,1,1,,Aktif
314,5,A005,1800241,TOKO ISABELLA,,2018-01-04,31/03/2019,114/PKS-AMD/BSP/IV/2018,AMD,1,4,,Aktif
315,4,A004,1800242,TOKO QUEEN ACCESSORIES,,22/06/2018,31/12/2018,243/PKS-AMD/BSP/IX/2018,AMD,1,4,,Aktif
316,3,A003,1800243,TOKO SEDERHANA,,2018-11-05,2018-10-11,152/PKS/BSP/V/2018,PKS,1,4,,Aktif
317,7,A007,1800244,UD CITRA PRIMA,,2017-01-10,31/03/2018,123/PKS/BSP/X/2017,PKS,1,6,,Aktif
318,5,A005,1800244,UD JENNI ASESORIES,,21/05/2018,20/05/2019,137/PKS-AMD/BSP/IV/2018,AMD,1,2,,Aktif
319,1,A001,1800245,UD SUBUR SENTOSA,,18/11/2016,17/11/2018,109/PKS-AMD/BSP/XI/2016,AMD,1,3,,Aktif
320,1,A001,1800245,UNIVERSITAS BAITURRAHMAH,,2018-01-01,31/12/2018,010/PKS-AMD/BSP/I/2018,AMD,1,19,,Aktif
321,1,A001,1800246,YAYASAN FATIH INDONESIA,,2017-01-11,31/10/2018,272/PKS/BSP/X/2017,PKS,1,9,,Aktif
322,6,A006,1800246,YAYASAN GEREJA PROTESTAN KAMPUNG BALI,,2018-01-01,31/12/2018,064/PKS-AMD/BSP/II/2018,AMD,1,6,,Aktif
323,1,A001,1800247,YAYASAN INTERNATIONAL FULL GOSPEL FELLOWSHIP,,2018-01-02,31/01/2019,039/PKS-AMD/BSP/I/2018,AMD,1,1,,Aktif
324,5,A005,1800248,YAYASAN PENDIDIKAN KRISTEN GLORIA,,2016-01-01,31/12/2016,027/PKS/BSP/I/2016,PKS,1,25,,Aktif
325,1,A001,1800248,YAYASAN RUMAH SAKIT IBNU SINA SIMPANG EMPAT,,2018-01-03,28/02/2019,084/PKS/BSP/III/2018,PKS,1,11,,Aktif
326,4,A004,1800249,YAYASAN RUMAH SAKIT UMUM EMANUEL,,2018-01-05,30/04/2019,149/PKS/BSP/V/2018,PKS,1,0,,Aktif