1,1808001,HEAD OFFICE,BRAVO SATRIA PERKASA,Jl. Dewi Sartika No. 4a-c Cililitan Jakarta Timur,,,PERMANENT,1
2,1808002,HEAD OFFICE,"KOPERASI SECURITY ""BSP""",Jl. Dewi Sartika No. 4a-c Cililitan Jakarta Timur,,,PERMANENT,1
3,1808003,AREA JAWA I,ASURANSI JIWA SEQUIS LIFE ,"Gedung Sequis Center, Lantai 6 Jl. Jendral Sudirman No. 71, Jaksel 12190",1-Jan-19,31-Dec-19,AKTIF,1
4,1808004,AREA JAWA I,AUTOTECH INDONESIA ,Bungursari-Purwakarta,1-Nov-19,31-Oct-20,AKTIF,1
5,1808005,AREA JAWA I,BARKUN CITRA NUSANTARA,"Gedung Kantor Taman A9 Unit B Lantai 5 Kawasan Mega Kuningan, Jakarta",1-Sep-19,31-Aug-20,AKTIF,1
6,1808006,AREA JAWA I,BHINNEKA MENTARI DIMENSI,"Jl. Lurah No. 51a, Cluster Villa Park A8 Pondok Benda, Pamulang-Tangsel",5-May-20,4-May-21,AKTIF,1
7,1808007,AREA JAWA I,BUMIARTHA PURNAKREASI,Jl. Holis No. 432 Bandung,15-May-20,15-Aug-20,AKTIF,1
8,1808008,AREA JAWA I,CV SEMANGAT JAYA (TOKO SEDERHANA),"Jalan Raya Rengasdengklok No. 23, Karawang Jawa Barat",11-May-20,10-Nov-20,AKTIF,1
9,1808009,AREA JAWA I,DJARUM,Gedung Sopo Del,2-Jan-20,1-Jan-21,AKTIF,1
10,1808010,AREA JAWA I,DICKY METALS,"Jl. Raya Bekasi KM 27 Pondok Ungu, Desa Harapan Jaya, Bekasi Utara 17124",1-Aug-20,31-Dec-20,AKTIF,1
11,1808011,AREA JAWA I,DIRGANTARA INDONESIA ,Bandung ,1-Jan-20,31-Dec-20,AKTIF,1
12,1808012,AREA JAWA I,DIRGANTARA INDONESIA  (UNTUK FLAT SARIJADI),Bandung ,1-Jul-20,30-Sep-20,AKTIF,1
13,1808013,AREA JAWA I,EXERTAINMENT ,Margo City,1-Jan-19,30-Jun-19,BERAKHIR,1
14,1808014,AREA JAWA I,FAASRI UTAMA SAKTI,"Jalan Raya Pajajaran No. 17 RT06 RW 13, Kel. Baranangsiang, Kec. Bogor",1-Feb-20,1-Feb-21,AKTIF,1
15,1808015,AREA JAWA I,KEDIAMAN IBU FERMIYANTI,"Jalan Grinting III No. 4 Kebayoran Baru, Jakarta Selatan",23-Oct-19,23-Jan-20,AKTIF,1
16,1808016,AREA JAWA I,FUMAKILLA INDONESIA ,Jl. Maligi Raya Lot Q-3 KIIC Karawang-Jawa Barat,11-Jan-19,10-Jan-20,AKTIF,1
17,1808017,AREA JAWA I,HAKUHUDO INDONESIA,"Jalan Prapanca Raya No. 39 Kelurahan Pulo, Kecamatan Kebayoran Baru Jakarta Selatan 12160",1-Aug-19,31-Aug-22,AKTIF,1
18,1808018,AREA JAWA I,PT. HPAI (HERBAL PENAWAR AL WAHIDAH INDONESIA),"Jalan Saluran Inspeksi Kalimalang, Blok 9-K RT 005/ RW 010 Kel. Pondok Kelapa, Kec. Duren Sawit Jaktim",14-Mar-20,13-Mar-21,AKTIF,1
19,1808019,AREA JAWA I,JALAN-JALAN NUSANTARA,"Prof. Dr. Soepomo No. 143 Tebet, Jakarta Selatan",1-Nov-19,30-Apr-20,AKTIF,1
20,1808020,AREA JAWA I,KAO INDONESIA ,"LC 1 dan LC 2 Gabungan Mitsuisoko, dan LC 3",1-Jan-20,31-Dec-20,AKTIF,1
21,1808021,AREA JAWA I,KAO INDONESIA ,Plant 1 Cikarang,1-Dec-19,30-Nov-20,AKTIF,1
22,1808022,AREA JAWA I,KEMASAN JAYA MAKMUR,Muara Baru-Jakarta Utara,1-Jul-19,31-Dec-19,AKTIF,1
23,1808023,AREA JAWA I,KOMATSU BANE INDONESIA ,Jl. Bukit Akasia VII Kawasan Kota Bukit Indah ST-5 Blok A-III No. 16/G,24-Jul-20,23-Jul-21,AKTIF,1
24,1808024,AREA JAWA I,KYOKUTO INDOMOBIL MANUFACTURING INDONESIA,"Industri Kota Bukit Indah Blok D-III No. 1 Purwakarta, Jawa Barat",15-Aug-19,14-Aug-21,AKTIF,1
25,1808025,AREA JAWA I,MALAKA BERKAH BERLIMPAH,"Dental Clinic ""FDC"" cabang klender Jl. Teratai Putih Raya No.2 Perumnas Klender Jaktim",1-Mar-19,1-Aug-19,BERAKHIR,1
26,1808026,AREA JAWA I,MITSUBA AUTOMOTIVE PARTS INDONESIA,Kawasan Industri Kota Bukit Indah Blok D-III No. 3 Purwakarta 41181,26-Feb-20,25-Feb-21,AKTIF,1
27,1808027,AREA JAWA I,MODENA INDONESIA,"Jalan Industri Raya I Blok D-8 Kel. Pasir Jaya, Kec. Jatiuwung Tangerang & Surabaya",21-Dec-19,21-Jun-20,AKTIF,1
28,1808028,AREA JAWA I,MULTIVISCOMINDO,"Jalan Deplu Raya No. 7, Bintaro Jakarta Selatan",1-Jan-20,31-Dec-20,AKTIF,1
29,1808029,AREA JAWA I,NATIONAL ASSEMBLERS,Jl. Raya Bekasi Km. 18 ,1-Jul-20,31-Dec-20,AKTIF,1
30,1808030,AREA JAWA I,NAVIGAT ENERGY INDONESIA,Jl. Agung Karya V No. 12 Sunter Jakarta Utara,1-Jan-19,31-Dec-19,AKTIF,1
31,1808031,AREA JAWA I,NIPRO INDONESIA JAYA,"Komplek Usaha Kantor dan Pabrik, Kawasan Industri Surya Cipta Kab. Karawang",21-Jun-19,20-Jun-20,AKTIF,1
32,1808032,AREA JAWA I,NUSA TYOTETSU ENGINEERING,Kawasan Industri Mitra Jl. Mitra Raya IV Blok L-5,1-Apr-20,31-Mar-21,AKTIF,1
33,1808033,AREA JAWA I,PRIMA VISTA SOLUSI ,Tanggerang,21-Oct-19,20-Oct-20,AKTIF,1
34,1808034,AREA JAWA I,RECKIT BENCKISER INDONESIA,Jalan Raya Narogong KM 15 Desa Limusnunggal Cileungsi Bogor,1-Jun-20,31-May-21,AKTIF,1
35,1808035,AREA JAWA I,RESTOMART CIPTA USAHA,Jakarta,1-Nov-18,31-Oct-19,AKTIF,1
36,1808036,AREA JAWA I,RODAMAS,Jl. Letjen S. Parman Kav. 32-34 Slipi Jakarta Barat,1-Jan-20,31-Dec-20,AKTIF,1
37,1808037,AREA JAWA I,SANITAS,Jl. Pasuketan No. 91/93 Cirebon,1-Jan-20,31-Dec-20,AKTIF,1
38,1808038,AREA JAWA I,SELAMAT LESTARI MANDIRI,Jl. KH. Ahmad Sanusi No. 111 Sukabumi,1-Jan-20,31-Dec-20,AKTIF,1
39,1808039,AREA JAWA I,PT SUBUR MITRA GRAFISTAMA,Jl. Wolter Monginsidi No. 70-72 Kebayoran Baru Jakarta Selatan 12170,1-Jan-20,31-Dec-20,AKTIF,1
40,1808040,AREA JAWA I,SUMBERDAYA SEWATAMA,Depo Pulogadung Jakarta Timur & Cileungsi,1-Jan-20,31-Dec-20,AKTIF,1
41,1808041,AREA JAWA I,SUPERNOVA FLEXIBLE PACKAGING,,1-Jan-20,31-Dec-20,AKTIF,1
42,1808042,AREA JAWA I,SWAKARYA INSAN MANDIRI,,1-Feb-20,31-Dec-20,AKTIF,1
43,1808043,AREA JAWA I,TATSUMI INDONESIA,Kawasan Industri Kota Bukit Indah Blok D III/Kec. Bungursari Kab. Purwakarta,1-Apr-20,31-Mar-21,AKTIF,1
44,1808044,AREA JAWA I,THE ASIA FOUNDATION,"Jalan Barito II No. 41 Kebayoran Baru, Jakarta Selatan",1-Feb-20,31-Jan-21,AKTIF,1
45,1808045,AREA JAWA I,TUMBAKMAS NIAGA SAKTI ,"Kedoya, Bogor, Sunter, Serang, Cibatu, Pasar Rebo, Tangerang",1-Jan-20,31-Dec-20,AKTIF,1
46,1808046,AREA JAWA I,TUMBAKMAS NIAGA SAKTI,,1-Jan-20,31-Dec-20,AKTIF,1
47,1808047,AREA JAWA I,TUNGGAL IDAMAN ABADI ,"Jl.Jend A. Yani No. 7, Jakarta Timur ",1-Feb-20,31-Jan-21,AKTIF,1
48,1808048,AREA JAWA I,WAHANA INTI NARENDRA,Kranggan I ,1-Feb-19,31-Dec-19,AKTIF,1
49,1808049,AREA JAWA I,WAHANA INTI NARENDRA,Site Kranggan III,16-Jan-19,31-Dec-19,AKTIF,1
50,1808050,AREA JAWA I,WAHANA INDO TRADA,Cabang Pulo Gadung,1-Jan-19,31-Dec-19,AKTIF,1
51,1808051,AREA JAWA I,"BANK PANIN, TBK",Jakarta,14-Jun-20,14-Jun-21,AKTIF,1
52,1808052,AREA JAWA I,ADI SARANA ARMADA ,Selindo,1-Jan-18,31-Dec-18,BERAKHIR,1
53,1808053,AREA JAWA I,ANUGRAH ARGON MEDICA ,Selindo,1-Jan-18,31-Dec-19,AKTIF,1
54,1808054,AREA JAWA I, ANUGERAH PHARMINDO LESTARI ,Selindo ,1-Apr-20,31-Jul-20,AKTIF,1
55,1808055,AREA JAWA I,CIMB NIAGA AUTO FINANCE,Selindo,1-Nov-18,31-Oct-20,AKTIF,1
56,1808056,AREA JAWA I,FEDERAL INTERNATIONAL FINANCE,Selindo,11-Jun-20,11-Jun-21,AKTIF,1
57,1808057,AREA JAWA I,FINANSIA MULTI FINANCE,Selindo,1-May-20,30-Apr-21,AKTIF,1
58,1808058,AREA JAWA I,MAYBANK INDONESIA FINANCE,Selindo,1-Jan-20,31-Dec-20,AKTIF,1
59,1808059,AREA JAWA I,MAXPOWER INDONESIA,Selindo,1-Jan-19,31-Dec-19,AKTIF,1
60,1808060,AREA JAWA I,"MITRA PINASTHIKA MUSTIKA FINANCE, TBK",Selindo,1-Jan-20,31-Dec-20,AKTIF,1
61,1808061,AREA JAWA I,PT MULTIFILLING MITRA INDONESIA,Selindo,1-Jan-19,31-Dec-19,AKTIF,1
62,1808062,AREA JAWA I,UNILEVER INDONESIA,Selindo,2-Jan-20,31-Dec-20,AKTIF,1
63,1808063,AREA JAWA I,PT BANK IBK,Selindo,1-Jan-19,31-Dec-19,AKTIF,1
64,1808064,AREA JAWA I,"BANK PEMBANGUNAN DAERAH JAWA BARAT DAN BANTEN, TBK",Selindo,30-Mar-20,31-Mar-20,AKTIF,1
65,1808065,AREA JAWA I,"BANK PERMATA, TBK",Selindo,1-May-20,31-Dec-22,AKTIF,1
66,1808066,AREA JAWA I,"BANK PERMATA, TBK (JASA PATROLI PENGAMANAN)",Selindo,1-Jan-18,31-Dec-19,AKTIF,1
67,1808067,AREA JAWA I,BANK UOB INDONESIA,Selindo,1-Apr-19,31-Mar-21,AKTIF,1
68,1808068,AREA JAWA I,BANK COMMONWEALTH,Selindo,1-May-19,30-Apr-22,AKTIF,1
69,1808069,AREA JAWA I,BANK SAHABAT SAMPOERNA,Selindo,1-May-20,30-Apr-22,AKTIF,1
70,1808070,AREA JAWA I,"PT ADIRA DINAMIKA MULTI FINANCE, Tbk","Jawa I, Jawa II, Indonesia Timur",1-Jun-18,31-Dec-19,AKTIF,1
71,1808071,AREA JAWA I,ARDENDI JAYA SENTOSA,Jawa I dan Jawa II,1-Jan-20,31-Dec-20,AKTIF,1
72,1808072,AREA JAWA I,ASURANSI ALLIANZ LIFE INDONESIA ,"Kantor Pusat Jaksel, Denpasar, Medan, Bandung, Surabaya",1-Jul-18,31-Dec-19,AKTIF,1
73,1808073,AREA JAWA I,ASURANSI ALLIANZ UTAMA INDONESIA ,"Kanpus-Jaksel, Bali, Kantor Cabang Bali, Kebon Jeruk,",1-Jul-18,31-Dec-19,AKTIF,1
74,1808074,AREA JAWA I,ASURANSI ADIRA DINAMIKA,"Jawa I, Jawa III, Indonesia Timur",1-Apr-19,31-Mar-20,AKTIF,1
75,1808075,AREA JAWA I,BATUTUA TEMBAGA RAYA,Kinanti Building Lt 2 room 210 Jl. Epicentrum Tengah No. 3 Karet Kuningan-Setiabudi,1-Aug-19,31-Jul-20,AKTIF,1
76,1808076,AREA JAWA I,DEXA MEDICA,Wisma IWI Lt. 2 Jl. Aejuna Selatan Kav. 75 Jakarta Barat 11530,1-Jul-19,30-Jun-20,AKTIF,1
77,1808077,AREA JAWA I,DR. BIANTORO WANANDI,"Jalan Taman Wijayakusuma III No. 7 A Cilandak, Jakarta Selatan",1-Apr-20,1-Apr-21,AKTIF,1
78,1808078,AREA JAWA I,FERRON PAR PHARMACEUTICALS,Jl. Ir. Juanda Blok C4-6 No. 66 Ciputat Tanggerang 15419,1-Oct-19,30-Sep-20,AKTIF,1
79,1808079,AREA JAWA I,INDOSIAR VISUAL MANDIRI,"Sum I, Sum II, Jawa I, Jawa II, Jawa III, Indtim ",1-Jan-19,31-Dec-19,AKTIF,1
80,1808080,AREA JAWA I,KOPERASI PINJAM JASA SAHABAT MITRA SEJATI ,"Sumatera I, Jawa I, Jawa III, Indonesia Timur",1-May-20,30-Apr-22,AKTIF,1
81,1808081,AREA JAWA I,"MITRA PINASTHIKA MUSTIKA, TBK","Sumatera, Jawa I, Jawa II, Jawa III dan Kalimantan",1-Feb-20,31-Jan-21,AKTIF,1
82,1808082,AREA JAWA I,MULTINDO AUTO FINANCE,"Jawa I, Jawa II, Jawa III",1-May-20,30-Apr-21,AKTIF,1
83,1808083,AREA JAWA I,SUMBER CIPTA MULTNIAGA,"Sumatera, Jawa I",1-Jan-20,31-Dec-20,AKTIF,1
84,1808084,AREA JAWA I,BANK HSBC INDONESIA (BANK EKONOMI RAHARJA),"Sumatera, Jawa I, Jawa II, Kalimantan, Indonesia Timur",1-Aug-18,2-Aug-20,AKTIF,1
85,1808085,AREA JAWA I,BANK INA PERDANA,"Jawa I, Jawa II, Jawa III",1-Jan-19,31-Dec-19,AKTIF,1
86,1808086,AREA JAWA I,"BANK RAKYAT INDONESIA, TBK",Kantor Cabang Khusus BRI,1-Aug-20,31-Jul-21,AKTIF,1
87,1808087,AREA JAWA I,"BANK RAKYAT INDONESIA, TBK",Audit Intern Wilayah BRI Jakarta 1,1-Aug-19,31-Jul-20,AKTIF,1
88,1808088,AREA JAWA I,"BANK RAKYAT INDONESIA, TBK",Kanpus BRI,1-Jul-19,30-Jun-20,AKTIF,1
89,1808089,AREA JAWA I,"BANK RAKYAT INDONESIA, TBK",Jakarta,9-Aug-19,9-Aug-22,AKTIF,1
90,1808090,AREA JAWA I,BANK PEMBANGUNAN DAERAH PAPUA,Cabang Jakarta,3-Feb-20,4-Feb-21,AKTIF,1
91,1808091,AREA JAWA I,"BANK DANAMON INDONESIA, TBK","Sumatera, Jawa I, Kalimantan dan Indonesia Timur",1-Sep-19,30-Sep-20,AKTIF,1
92,1808092,AREA JAWA I,"BANK MAYBANK INDONESIA, Tbk, PT","Sumatera, Jawa I, Kalimantan dan Indonesia Timur",1-Apr-20,31-Mar-23,AKTIF,1
93,1808093,AREA JAWA I,"BANK MUAMALAT INDONESIA, TBK","Sumatera, Jawa I, Jawa II, Jawa III dan Kalimantan",1-Oct-19,31-Dec-20,AKTIF,1
94,1808094,AREA JAWA II,ANEKA HUSADA ( KEBUMEN EYE CENTER),Kebumen,22-Mar-20,22-Mar-21,AKTIF,1
95,1808095,AREA JAWA II,APP TIMBER,"KIK, Jalan Wanamarta Raya 03 Brangsong, Kendal",19-Jun-20,18-Jun-21,AKTIF,1
96,1808096,AREA JAWA II,ASIANAGUNG AGROJAYA,Site Semarang,2-Jan-18,1-Jan-19,BERAKHIR,1
97,1808097,AREA JAWA II,"PT ASTRA INTERNATIONAL, TBK",,1-Jan-20,31-Dec-20,AKTIF,1
98,1808098,AREA JAWA II,AST INDONESIA,Jalan Raya Semarang-Kendal KM 12 Kota Semarang,1-Jan-20,31-Dec-20,AKTIF,1
99,1808099,AREA JAWA II,BAKTI BUNGA ANANDA,"Dusun Pelemsari, Bokuharjo, Prambana, Sleman",1-Dec-19,30-Nov-20,AKTIF,1
100,1808100,AREA JAWA II,BANGUN TRIPATRIAJATI (HONDA PEKALONGAN MOTOR),Honda Pekalongan Motor Gudang,1-Jan-20,31-Dec-20,AKTIF,1
101,1808101,AREA JAWA II,BUANA KARYA SUGIARTHA (HOTEL MARLIN PEKALONGAN),Pekalongan,1-Mar-18,30-Apr-19,BERAKHIR,1
102,1808102,AREA JAWA II,CANDI MEKAR,Pemalang-Jawa Tengah,21-Nov-18,20-Nov-19,AKTIF,1
103,1808103,AREA JAWA II,CITRA MANDIRI MULTIFINANCE,Jalan Mayjend Sutoyo No. 33 Semarang,22-Nov-17,22-Nov-18,AKTIF,1
104,1808104,AREA JAWA II,CITO PUTRA UTAMA,Semarang,5-Jan-20,4-Jan-21,AKTIF,1
105,1808105,AREA JAWA II,CV. BUDI DJAYA TEH BANDULAN,Kota Pekalongan,1-Jan-20,31-Dec-20,AKTIF,1
106,1808106,AREA JAWA II,CV MAJU BERSAMA (SUPRA FASHION),Jl. Urip Sumoharjo No. 24 A,1-Oct-19,1-Oct-20,AKTIF,1
107,1808107,AREA JAWA II,CV MEKAR JAYA SENTOSA,"Pemalang, Kota Tegal, Cilacap, Banyumas, Brebes, Pekalongan, Kab. Tegal",1-Jan-20,31-Dec-20,AKTIF,1
108,1808108,AREA JAWA II,CV PUSAKA HIDUP,Jalan Semarang Demak KM 7 No. 443,11-Dec-18,10-Dec-19,AKTIF,1
109,1808109,AREA JAWA II,CV SINAR MEKAR,Jalan Nitipuran,1-Jan-20,31-Dec-20,AKTIF,1
110,1808110,AREA JAWA II,CV. SRIKANDI MAKMUR SEJAHTERA,Jalan HM Sarbini No. 88 Kebumen-Jawa Tengah,1-Jan-20,31-Dec-20,AKTIF,1
111,1808111,AREA JAWA II,DIPO STAR FINANCE,Purwokerto,11-Jul-19,10-Jul-20,AKTIF,1
112,1808112,AREA JAWA II,DUTA KEKAR PLASINDO,Sragen,1-Jun-19,31-May-20,AKTIF,1
113,1808113,AREA JAWA II,DOVA PUTERA MANUNGGAL SEJATI,Tegal ,1-Jan-20,31-Dec-20,AKTIF,1
114,1808114,AREA JAWA II,ELIZABETH HANJAYA,Jl. Merdeka No. 38 Purwokerto,9-Oct-19,8-Oct-20,AKTIF,1
115,1808115,AREA JAWA II,ELIZABETH HANJAYA,Jl. Imam Bonjol No. 194 Semarang,24-Oct-19,23-Oct-20,AKTIF,1
116,1808116,AREA JAWA II,"ENSEVAL PUTERA MEGATRADING, TBK ",Purwokerto,1-Jan-19,31-Dec-19,AKTIF,1
117,1808117,AREA JAWA II,EURO DESIGN,Semarang,12-Feb-20,11-Feb-21,AKTIF,1
118,1808118,AREA JAWA II,GEREJA BETHEL INDONESIA,"Jalan Gajah Mada No. 78-86 Semarang, Jawa Tengah",1-Aug-20,31-Jul-21,AKTIF,1
119,1808119,AREA JAWA II,HARAPAN EMAS NUSANTARA,"Jalan Magelang KM 7 RT 011, RW 005 Kota Sleman",1-Jun-20,1-Sep-20,AKTIF,1
120,1808120,AREA JAWA II,PT SUMBER WISATA JAYA (HARPER),Jalan P. Mangkubumi No. 52 Gowongan Yogyakarta,1-Mar-20,28-Feb-21,AKTIF,1
121,1808121,AREA JAWA II,JANSEN INDONESIA,Jl. Tambak Raya No. 7 Semarang,1-Jan-19,31-Dec-20,AKTIF,1
122,1808122,AREA JAWA II,JAWASURYA KENCANA INDAH,Kawasan Industri Tergoyo Blok N/1 Semarang,1-Jan-20,31-Dec-20,AKTIF,1
123,1808123,AREA JAWA II,KEN TANZAH MAKMUR (RS KEN SARAS),"Jl. Raya Soekarno Hatta KM 30, Bergas, Ungaran, Kab. Semarang",1-Jan-20,31-Dec-20,AKTIF,1
124,1808124,AREA JAWA II,KENT GRONKJAER INTERNATIONAL,Kabupaten Jepara,28-Jul-20,28-Jan-21,AKTIF,1
125,1808125,AREA JAWA II,KERETA API INDONESIA (PERSERO),Wilayah DAOP 4 Semarang,1-Jan-19,31-Dec-19,BERAKHIR,1
126,1808126,AREA JAWA II,KOPERASI SIMPAN PINJAM JASA,"Kota Pekalongan, Kab. Pekalongan, Pemalang, Tegal, Surakarta, Boyolali, Kota Semarang, Kab. Semarang, Waleri Kendal, Batang, Jepara, Banjarnegara, Pati",1-Jan-20,31-Dec-20,AKTIF,1
127,1808127,AREA JAWA II,LANGGENGHARJO MAKMUR PLASINDO,"Jetis RT 02/ RW 05 Jetis Kulon Jetis, Karanganyar",11-Jul-20,10-Jul-21,AKTIF,1
128,1808128,AREA JAWA II,MEKAR JAYA SENTOSA MULTIKARYA,Tegal dan Semarang,1-Jan-20,31-Dec-20,AKTIF,1
129,1808129,AREA JAWA II,MENDUT NUSANTARA HOTEL (ABADI HOTEL),Jalan Pasar Kembang No. 49 Yogyakarta,1-Dec-19,31-May-20,AKTIF,1
130,1808130,AREA JAWA II,MENSA BINA SUKSES,Purwokerto,1-Jan-20,31-Dec-20,AKTIF,1
131,1808131,AREA JAWA II,MENSA BINA SUKSES,Kawasan Industri Candi Blok 20 A No. 26,1-Nov-19,31-Oct-20,AKTIF,1
132,1808132,AREA JAWA II,NAMASINDO PLAS SOLO,"Jalan Kartasura-Semarang KM 28, Mondorakan Wirogunan",1-Nov-18,1-Nov-19,BERAKHIR,1
133,1808133,AREA JAWA II,NAYATI INDONESIA,Jalan Raya Terboyo No.15 Semarang,1-Apr-19,31-Mar-20,AKTIF,1
134,1808134,AREA JAWA II,NISSIN BISKUIT INDONESIA,Semarang ,1-Jan-20,11-Jun-20,BERAKHIR,1
135,1808135,AREA JAWA II,PASIFIC FURNITURE,Semarang,1-Jan-20,30-Jun-20,AKTIF,1
136,1808136,AREA JAWA II,PASIFIC PERTAMA INDONESIA,Jl. Urip No. 34 Semarang,1-Jan-19,31-Dec-19,AKTIF,1
137,1808137,AREA JAWA II,PEMERINTAH KABUPATEN PURBALINGGA SEKRETARIAT DPRD,Kantor Sekretariat DPRD Purbalingga,4-Jan-19,30-Jun-19,BERAKHIR,1
138,1808138,AREA JAWA II,PRIMA ANAGA RAINA,Jalan Habiproyo No. 28 Kendal-Jawa Tengah,1-Aug-19,1-Aug-20,AKTIF,1
139,1808139,AREA JAWA II,PUTRA WAHID PRATAMA,Putra Wahid Pratama,24-Jun-20,23-Jun-21,AKTIF,1
140,1808140,AREA JAWA II,PUTRA WAHID LAND,Jl Madukoro Raya Semarang,24-Jun-20,23-Jun-21,AKTIF,1
141,1808141,AREA JAWA II,RECKIT BENCKISER INDONESIA,Semarang,1-Sep-19,31-Aug-20,AKTIF,1
142,1808142,AREA JAWA II,RESTOMART CIPTA USAHA,Kawasan Industri Terboyo-Kota Semarang,1-Apr-19,31-Mar-20,AKTIF,1
143,1808143,AREA JAWA II,RIEZ PALACE HOTEL,Jalan Gajah Mada No.74-76 Tegal,1-Jan-20,30-Jun-20,AKTIF,1
144,1808144,AREA JAWA II,RUMAH SAKIT EMANUEL,"Ahmad Yani Purwareja Klampok, Banjarnegara-Jawa Tengah",1-May-20,30-Apr-21,AKTIF,1
145,1808145,AREA JAWA II,RUTAN,Kota Semarang,16-Jul-18,15-Jan-19,AKTIF,1
146,1808146,AREA JAWA II,RSI WONOSOBO,Jl. S Parman Km 03 Wonosobo,1-Aug-19,31-Jul-21,AKTIF,1
147,1808147,AREA JAWA II,RS PURBOWANGI (GRIYA MEDIKA NISMARA),Purbowangi,1-Jan-20,31-Dec-20,AKTIF,1
148,1808148,AREA JAWA II,RSPKU MUHAMMADIYAH GOMBONG,Gombong,1-Jan-20,31-Dec-20,AKTIF,1
149,1808149,AREA JAWA II,RS TELOGOREJO SEMARANG,Semarang,1-Apr-20,31-Mar-21,AKTIF,1
150,1808150,AREA JAWA II,S2DIO INDUSTRIES,"Kawasan Industri Candi Blok 11A No. 15-16 Ngaliyan, Semarang",1-Jul-19,30-Jun-20,AKTIF,1
151,1808151,AREA JAWA II,SEJAHTERA MITRA SOLUSI,"Desk Collection Center, Kota Sukoharjo",27-Jul-19,26-Jul-21,AKTIF,1
152,1808152,AREA JAWA II,SINAR GUNUNG JATI (CABANG TEGAL),Jalan Mataram No. 3 Kel. Muarareja Kec. Tegal Barat Kota Tegal,1-Dec-18,30-Nov-19,AKTIF,1
153,1808153,AREA JAWA II,SONOKEMBANG TUNAS JAYA,Jalan Sinar Waluyo Raya No. 99 Kota Semarang,1-Jan-19,31-Dec-19,BERAKHIR,1
154,1808154,AREA JAWA II,PRASTIKA SARANA (HOTEL BAHARI INN),Hotel Bahari Inn-Tegal,1-Feb-19,31-Jan-20,BERAKHIR,1
155,1808155,AREA JAWA II,RSU PURBOWANGI,Gombong-Kebumen,1-Jan-19,31-Dec-19,AKTIF,1
156,1808156,AREA JAWA II,TAMAN WISATA BALEKAMBANG,Karanganyar,1-Jan-20,31-Dec-20,AKTIF,1
157,1808157,AREA JAWA II,TAT WAI INDUSTRIES,Kendal ,1-Jun-19,31-Dec-19,AKTIF,1
158,1808158,AREA JAWA II,TECHPACK ASIA,Semarang,1-Jan-20,31-Dec-20,AKTIF,1
159,1808159,AREA JAWA II,TOKO JAVENIR,Kab. Karanganyar,1-Jan-20,31-Dec-20,AKTIF,1
160,1808160,AREA JAWA II,TOKO MAS PARIS,Jl. K.H Wahid Hasyim,22-Nov-19,22-Nov-20,AKTIF,1
161,1808161,AREA JAWA II,TOKO QUEEN ACCESORIES,Surakarta,1-Jan-20,31-Dec-20,AKTIF,1
162,1808162,AREA JAWA II,VALUTA INDO JAYA PRIMA,"Jalan Urip Sumoharjo No. 40, Solo",1-Mar-20,28-Feb-21,AKTIF,1
163,1808163,AREA JAWA II,WAHANA INTI NARENDRA,Gedung Merah Putih -SIM CC Semarang 2,1-Aug-19,31-Dec-19,AKTIF,1
164,1808164,AREA JAWA II,WAHAN SUN MOTOR,Wahana Sun Motor & Surya Utama Dian-Semarang,1-Jan-19,31-Dec-19,BERAKHIR,1
165,1808165,AREA JAWA II,YAYASAN KESEHATAN TELOGOREJO (SIM SQUARE),"Kota Semarang, Jl. K.H Ahmad Dahlan",1-Apr-20,31-Mar-21,AKTIF,1
166,1808166,AREA JAWA II,"BANK HARDA INTERNATIONAL, TBK","Jalan Yos Sudarso 324 A, Serengan, Surakarta",1-Aug-19,31-Jul-20,AKTIF,1
167,1808167,AREA JAWA II,BANK NUSANTARA PARAHYANGAN,Jawa II dan Jawa III,1-Jan-19,31-Dec-19,AKTIF,1
168,1808168,AREA JAWA II,BPR GROGOL JOYO,Sukoharjo-Jawa Tengah,20-Dec-19,20-Dec-20,AKTIF,1
169,1808169,AREA JAWA II,ADI SARANA ARMADA ,Selindo,1-Jan-18,31-Dec-18,BERAKHIR,1
170,1808170,AREA JAWA II,ANUGRAH ARGON MEDICA ,Selindo,1-Jan-18,31-Dec-19,AKTIF,1
171,1808171,AREA JAWA II, ANUGERAH PHARMINDO LESTARI ,Selindo ,1-Apr-20,31-Jul-20,AKTIF,1
172,1808172,AREA JAWA II,CIMB NIAGA AUTO FINANCE,Selindo,1-Nov-18,31-Oct-20,AKTIF,1
173,1808173,AREA JAWA II,FEDERAL INTERNATIONAL FINANCE,Selindo,11-Jun-20,11-Jun-21,AKTIF,1
174,1808174,AREA JAWA II,FINANSIA MULTI FINANCE,Selindo,1-May-20,30-Apr-21,AKTIF,1
175,1808175,AREA JAWA II,MAYBANK INDONESIA FINANCE,Selindo,1-Jan-20,31-Dec-20,AKTIF,1
176,1808176,AREA JAWA II,MAXPOWER INDONESIA,Selindo,1-Jan-19,31-Dec-19,AKTIF,1
177,1808177,AREA JAWA II,"MITRA PINASTHIKA MUSTIKA FINANCE, TBK",Selindo,1-Jan-20,31-Dec-20,AKTIF,1
178,1808178,AREA JAWA II,PT MULTIFILLING MITRA INDONESIA,Selindo,1-Jan-19,31-Dec-19,AKTIF,1
179,1808179,AREA JAWA II,UNILEVER INDONESIA,Selindo,2-Jan-20,31-Dec-20,AKTIF,1
180,1808180,AREA JAWA II,PT BANK IBK,Selindo,1-Jan-19,31-Dec-19,AKTIF,1
181,1808181,AREA JAWA II,"BANK PEMBANGUNAN DAERAH JAWA BARAT DAN BANTEN, TBK",Selindo,30-Mar-20,31-Mar-20,AKTIF,1
182,1808182,AREA JAWA II,"BANK PERMATA, TBK",Selindo,1-May-20,31-Dec-22,AKTIF,1
183,1808183,AREA JAWA II,"BANK PERMATA, TBK (JASA PATROLI PENGAMANAN)",Selindo,1-Jan-18,31-Dec-19,AKTIF,1
184,1808184,AREA JAWA II,BANK UOB INDONESIA,Selindo,1-Apr-19,31-Mar-21,AKTIF,1
185,1808185,AREA JAWA II,BANK COMMONWEALTH,Selindo,1-May-19,30-Apr-22,AKTIF,1
186,1808186,AREA JAWA II,BANK SAHABAT SAMPOERNA,Selindo,1-May-20,30-Apr-22,AKTIF,1
187,1808187,AREA JAWA II,ADI SARANA LELANG,"Medan, Balikpapan, Semarang",1-Jan-18,31-Dec-18,BERAKHIR,1
188,1808188,AREA JAWA II,"PT ADIRA DINAMIKA MULTI FINANCE, Tbk","Jawa I, Jawa II, Indonesia Timur",1-Jun-18,31-Dec-19,AKTIF,1
189,1808189,AREA JAWA II,ARDENDI JAYA SENTOSA,Jawa I dan Jawa II,1-Jan-20,31-Dec-20,AKTIF,1
190,1808190,AREA JAWA II,ASTRA OTO PARTS,Semarang ,1-Jan-19,31-Dec-19,AKTIF,1
191,1808191,AREA JAWA II,INDOSIAR VISUAL MANDIRI,"Sum I, Sum II, Jawa I, Jawa II, Jawa III, Indtim ",1-Jan-19,31-Dec-19,AKTIF,1
192,1808192,AREA JAWA II,KARYA CIPTA UNGGUL NUSANTARA,Demak,1-Sep-18,31-Aug-19,AKTIF,1
193,1808193,AREA JAWA II,KOPERASI PINJAM JASA SAHABAT MITRA SEJATI ,"Sumatera I, Jawa I, Jawa III, Indonesia Timur",1-May-20,30-Apr-22,AKTIF,1
194,1808194,AREA JAWA II,"MITRA PINASTHIKA MUSTIKA, TBK","Sumatera, Jawa I, Jawa II, Jawa III dan Kalimantan",1-Feb-20,31-Jan-21,AKTIF,1
195,1808195,AREA JAWA II,MULTINDO AUTO FINANCE,"Jawa I, Jawa II, Jawa III",1-May-20,30-Apr-21,AKTIF,1
196,1808196,AREA JAWA II,SUMBER HIDUP SEHAT (VIVA GENERIK),Sidoarjo dan Semarang,16-Aug-19,15-Aug-20,AKTIF,1
197,1808197,AREA JAWA II,WAHANA INTI NARENDRA,Semarang ,1-Jan-19,31-Dec-19,AKTIF,1
198,1808198,AREA JAWA II,BANK HSBC INDONESIA (BANK EKONOMI RAHARJA),"Sumatera, Jawa I, Jawa II, Kalimantan, Indonesia Timur",1-Aug-18,2-Aug-20,AKTIF,1
199,1808199,AREA JAWA II,BANK INA PERDANA,"Jawa I, Jawa II, Jawa III",1-Jan-19,31-Dec-19,AKTIF,1
200,1808200,AREA JAWA II,"BANK NATIONAL NOBU, TBK","Padang, Solo, Malang, Jember, Pekanbaru, Batam",1-Jan-20,31-Dec-20,AKTIF,1
201,1808201,AREA JAWA II,"BANK MUAMALAT INDONESIA, TBK","Sumatera, Jawa I, Jawa II, Jawa III dan Kalimantan",1-Oct-19,31-Dec-20,AKTIF,1
202,1808202,AREA JAWA II,"BANK OCBC NISP, TBK","Sumatera, Jawa II, Jawa III, Kalimantan, Indonesia Timur",1-Mar-19,28-Feb-21,AKTIF,1
203,1808203,AREA JAWA III,ADITYA SEJAHTERA GRAHA,"Jl. Margomulyo No. 44 Blok F-7, Surabaya ",26-Dec-19,25-Dec-20,AKTIF,1
204,1808204,AREA JAWA III,ADITYA SARANA GRAHA ,"Perg. Bummas Romokalisari, Surabaya dan Jalan Soepardjo Roestam No. 108, Sokaraja Kab. Banyumas Jawa Tengah",1-Jan-20,31-Dec-20,AKTIF,1
205,1808205,AREA JAWA III,ANUGRAH BATU ALAM ABADI,Sidoarjo,1-Jan-20,31-Dec-20,AKTIF,1
206,1808206,AREA JAWA III,ALTRAK 1978,Jalan Rungkut Industri III/27 Surabaya,1-Feb-20,31-Jan-21,AKTIF,1
207,1808207,AREA JAWA III,ARTHA GRAHA MAJU BERSAMA,"Jalan Panglima Sudirman No. 20 RT 004/RW 016 Turen, Kab. Malang-Jawa Timur",8-Oct-19,7-Oct-20,AKTIF,1
208,1808208,AREA JAWA III,ASIAN BEARINDO JAYA,"Pergudangan Suri Mulyo, Surabaya",16-Feb-20,15-Feb-21,AKTIF,1
209,1808209,AREA JAWA III,ATLANTIC ANUGRAH METALINDO,Jl. Dumar Industri A5 Surabaya,1-Jul-18,31-Dec-18,BERAKHIR,1
210,1808210,AREA JAWA III,BAKORWIL V PROPINSI JAWA TIMUR,Jl. Kalimantan No. 42 Jember,1-Jan-19,31-Dec-19,AKTIF,1
211,1808211,AREA JAWA III,BALI AGUNG WATERS,"Jl. Bypass Ngurah Rai, Denpasar Bali",1-Apr-20,30-Sep-20,AKTIF,1
212,1808212,AREA JAWA III,BHUMIDANA INDONESIA,Pabrik BDI Tuban,31-Jan-20,30-Jan-21,AKTIF,1
213,1808213,AREA JAWA III,BUMIARTHA PURNAKREASI (SURABAYA),Jl. Rungkut Industri III No. 18 Kel. Kutisari Surabaya,15-May-20,15-Aug-20,AKTIF,1
214,1808214,AREA JAWA III,BUMI PENGEMBANGAN PERTIWI QQ ASTON MADIUN HOTEL & CONFERENCE,Madiun,1-Jan-19,31-Dec-19,AKTIF,1
215,1808215,AREA JAWA III,BUMI PEMBANGUNAN PERTIWI,Madiun dan Malang,1-Apr-19,31-Mar-20,AKTIF,1
216,1808216,AREA JAWA III,BUMI SUKSESINDO,"Dusun Pancer Desa Sumberagung, Pesanggran, Banyuwangi-Jawa Timur/ Jawa III",2-Jan-20,31-Dec-20,AKTIF,1
217,1808217,AREA JAWA III,CASABLANCA BEAUTY SPA,"Jalan Arjuna No. 23 Double Six, Kuta Bali",7-Aug-19,7-Aug-20,AKTIF,1
218,1808218,AREA JAWA III,CITRA MAHARDIKA USAHA,Jl. Diponegoro No. 30 Kediri,20-Mar-20,19-Mar-21,AKTIF,1
219,1808219,AREA JAWA III,CITRA MAHARDIKA USAHA (SATPAM),Jl. Raya Singosari No. 271 (Malang),1-Sep-19,31-Aug-20,AKTIF,1
220,1808220,AREA JAWA III,CITRA MAHARDIKA USAHA (DRIVER),Jl. Raya Singosari No. 271 (Malang),1-Sep-19,31-Aug-20,AKTIF,1
221,1808221,AREA JAWA III,CV SONOKEMBANG,Graha Sonokembang Surabaya,1-Jan-20,31-Dec-20,AKTIF,1
222,1808222,AREA JAWA III,CV SURYA ASIA PASIFIK,Jalan Alun-Alun Utara No.3 Kota Pasuruan-Jatim,1-Apr-20,31-Mar-21,AKTIF,1
223,1808223,AREA JAWA III,CV SUMBER PANGAN,Jl. Raya Semampir Kediri,26-Sep-18,26-Jan-19,BERAKHIR,1
224,1808224,AREA JAWA III,CV WINNER MULTISPORT ENTERPRISE,"Jalan Kalimantan No. 37 Blitar, Jawa Timur",1-Oct-18,30-Sep-19,AKTIF,1
225,1808225,AREA JAWA III,DHARMA LAUTAN UTAMA,Surabaya,1-Nov-19,31-Oct-20,AKTIF,1
226,1808226,AREA JAWA III,DESKCOL INDONESIA SEJATERA,Jl. S. Supriadi No.74 Kav. 1-5 Sukung-Malang,1-Jun-19,31-Dec-19,AKTIF,1
227,1808227,AREA JAWA III,DWI BANGUN PERKASA PUTRA,Jl. Cemara No. 238 Kota Blitar,1-Aug-20,31-Jul-21,AKTIF,1
228,1808228,AREA JAWA III,EAST HOPE AGRICULTURE SURABAYA,Pakuniran Probolinggo,17-Oct-19,16-Oct-20,AKTIF,1
229,1808229,AREA JAWA III,GEREJA GLORIA GALAXY,Perum Galaxy Surabaya,1-Nov-19,31-Oct-20,AKTIF,1
230,1808230,AREA JAWA III,GRAHA SAFA MULIA (HOTEL SANTIKA JEMURSARI),Hotel Santika Jemursari Surabaya,1-Apr-19,31-Mar-20,AKTIF,1
231,1808231,AREA JAWA III,GRESIK GASES INDONESIA (THE LINDE GROUP),"Gresik Gases Indonesia, Jl. Raya Roomo Manyar Gresik & KIG Warehouse ",1-Aug-18,31-Dec-18,BERAKHIR,1
232,1808232,AREA JAWA III,HAI LONG RESTAURANT,Jl. Raya Kuta No. 98 Kuta-Badung,10-Jun-18,10-Dec-18,BERAKHIR,1
233,1808233,AREA JAWA III,INDO QTOUR MANAJEMEN (R SPA),"Jalan By Pass Ngurah Rai, Benoa, Kuta Selatan",22-Apr-18,22-Apr-19,BERAKHIR,1
234,1808234,AREA JAWA III,INTI KOKOH MAKMUR,"Jl. Erlangga No. 234, Ngasem-Kediri",1-Jan-20,31-Dec-20,AKTIF,1
235,1808235,AREA JAWA III,JATIM PETROLEUM TRANSPORT,Surabaya,1-Jun-20,30-Jun-21,AKTIF,1
236,1808236,AREA JAWA III,PT KARUNIA ABADI MANDIRI USAHA,Perum Mojoroto Regency Blok C4 Jl. Kawi Kota Kediri,1-Jan-20,31-Dec-20,AKTIF,1
237,1808237,AREA JAWA III,KARUNIA ABADI MANDIRI SENTOSA,Blabakan Kediri,1-Jan-19,31-Dec-19,BERAKHIR,1
238,1808238,AREA JAWA III,LEMBAGA PENDIDIKAN PENGEMBANGAN PROFESI INDONESIA (LP3I),Surabaya,1-Jul-20,30-Jun-21,AKTIF,1
239,1808239,AREA JAWA III,PT MAKMUR MARINA METALINDO,Romokalisari Surabaya,1-Jan-20,31-Dec-20,AKTIF,1
240,1808240,AREA JAWA III,MENARA JAYA LESTARI,"Sidoarjo, Jawa Timur",1-Sep-19,31-Aug-20,AKTIF,1
241,1808241,AREA JAWA III,MITRA PINASTHIKA MULIA,Jawa III,1-Feb-20,31-Jan-21,AKTIF,1
242,1808242,AREA JAWA III,OTORITAS JASA KEUANGAN (MALANG),Malang,1-May-18,31-Dec-18,AKTIF,1
243,1808243,AREA JAWA III,PANCA WIRA USAHA JAWA TIMUR,Jl. Mustika No. 10 Surabaya,1-Aug-19,31-Jul-20,AKTIF,1
244,1808244,AREA JAWA III,PRATAMA MITRA SEJATI,Surabaya,1-Jan-19,31-Dec-19,AKTIF,1
245,1808245,AREA JAWA III,RESTOMART CIPTA USAHA,Surabaya,15-Jan-20,14-Jan-21,AKTIF,1
246,1808246,AREA JAWA III,RODAMAS,Surabaya,1-Jan-20,31-Dec-20,AKTIF,1
247,1808247,AREA JAWA III,SASA INTI,Probolinggo,1-Jan-20,31-Dec-20,AKTIF,1
248,1808248,AREA JAWA III,SINERGI MITRA INVESTAMA,"Jl. Veteran Gresik, Kab. Rembang-Jawa Tengah",1-Sep-19,31-Aug-20,AKTIF,1
249,1808249,AREA JAWA III,SINERGI MITRA INVESTAMA (TENAGA OB & DRIVER),Gresik,1-Jan-19,31-Dec-19,AKTIF,1
250,1808250,AREA JAWA III,SURABAYA PETROLEUM TRANSPORT,Surabaya,1-Jun-20,31-May-21,AKTIF,1
251,1808251,AREA JAWA III,TRAKTOR NUSANTARA,Surabaya ,1-May-20,31-Dec-20,AKTIF,1
252,1808252,AREA JAWA III,TOKO ISABELLA,Jl. RT Suryo No. 23 A Malang,1-Apr-19,31-Mar-20,AKTIF,1
253,1808253,AREA JAWA III,TOKO MAS PUTRA DINAR,Jl. Panglima Sudirman No. 255 Madiun,24-Aug-20,23-Aug-21,AKTIF,1
254,1808254,AREA JAWA III,TOKO MAS DINAR MADIUN,Jl. Kutai No. 42 Madiun,1-Aug-20,31-Jul-21,AKTIF,1
255,1808255,AREA JAWA III,UD JENI AKSESORIS,"Jl. Veteran No. 74, Blitar",21-May-19,20-May-20,AKTIF,1
256,1808256,AREA JAWA III,UNITED TRACTORS,Surabaya,1-Jan-20,31-Dec-20,AKTIF,1
257,1808257,AREA JAWA III,YAYASAN PENDIDIKAN KRISTEN GLORIA,Surabaya ,1-Jul-19,30-Jun-20,AKTIF,1
258,1808258,AREA JAWA III,BANK INDEX SELINDO ,"Cabang Diponegoro, Cabang Kembang Jepun, Kantor Kas Klampis",1-Mar-20,28-Feb-21,AKTIF,1
259,1808259,AREA JAWA III,"BANK MITRANIAGA, TBK","JL. HR Muhammad 75 B, Surabaya",17-Jun-19,16-Jun-20,AKTIF,1
260,1808260,AREA JAWA III,"BANK NEGARA INDONESIA, TBK",Surabaya,1-Jun-19,30-Jun-19,BERAKHIR,1
261,1808261,AREA JAWA III,"BANK NEGARA INDONESIA, TBK",Denpasar,1-Jan-20,31-Dec-20,AKTIF,1
262,1808262,AREA JAWA III,"BANK NEGARA INDONESIA, TBK",KCU Blitar,1-Jul-19,31-Aug-19,BERAKHIR,1
263,1808263,AREA JAWA III,"BANK NEGARA INDONESIA, TBK",Surabaya,18-Nov-19,17-Nov-20,AKTIF,1
264,1808264,AREA JAWA III,BPD PAPUA CABANG SURABAYA,Cabang Surabaya,15-May-19,14-May-20,AKTIF,1
265,1808265,AREA JAWA III,BANK YUDHA BHAKTI,Jember-Jawa Timur,24-Apr-18,23-Apr-19,BERAKHIR,1
266,1808266,AREA JAWA III,BANK YUDHA BHAKTI,Surabaya-Jawa Timur,1-Nov-18,31-Jan-19,BERAKHIR,1
267,1808267,AREA JAWA III,BPR KITA CENTRADANA,Bali,6-Mar-20,6-Mar-21,AKTIF,1
268,1808268,AREA JAWA III,ADI SARANA ARMADA ,Selindo,1-Jan-18,31-Dec-18,BERAKHIR,1
269,1808269,AREA JAWA III,ANUGRAH ARGON MEDICA ,Selindo,1-Jan-18,31-Dec-19,AKTIF,1
270,1808270,AREA JAWA III, ANUGERAH PHARMINDO LESTARI ,Selindo ,1-Apr-20,31-Jul-20,AKTIF,1
271,1808271,AREA JAWA III,CIMB NIAGA AUTO FINANCE,Selindo,1-Nov-18,31-Oct-20,AKTIF,1
272,1808272,AREA JAWA III,FEDERAL INTERNATIONAL FINANCE,Selindo,11-Jun-20,11-Jun-21,AKTIF,1
273,1808273,AREA JAWA III,FINANSIA MULTI FINANCE,Selindo,1-May-20,30-Apr-21,AKTIF,1
274,1808274,AREA JAWA III,MAYBANK INDONESIA FINANCE,Selindo,1-Jan-20,31-Dec-20,AKTIF,1
275,1808275,AREA JAWA III,MAXPOWER INDONESIA,Selindo,1-Jan-19,31-Dec-19,AKTIF,1
276,1808276,AREA JAWA III,"MITRA PINASTHIKA MUSTIKA FINANCE, TBK",Selindo,1-Jan-20,31-Dec-20,AKTIF,1
277,1808277,AREA JAWA III,PT MULTIFILLING MITRA INDONESIA,Selindo,1-Jan-19,31-Dec-19,AKTIF,1
278,1808278,AREA JAWA III,UNILEVER INDONESIA,Selindo,2-Jan-20,31-Dec-20,AKTIF,1
279,1808279,AREA JAWA III,PT BANK IBK,Selindo,1-Jan-19,31-Dec-19,AKTIF,1
280,1808280,AREA JAWA III,"BANK PEMBANGUNAN DAERAH JAWA BARAT DAN BANTEN, TBK",Selindo,30-Mar-20,31-Mar-20,AKTIF,1
281,1808281,AREA JAWA III,"BANK PERMATA, TBK",Selindo,1-May-20,31-Dec-22,AKTIF,1
282,1808282,AREA JAWA III,"BANK PERMATA, TBK (JASA PATROLI PENGAMANAN)",Selindo,1-Jan-18,31-Dec-19,AKTIF,1
283,1808283,AREA JAWA III,BANK UOB INDONESIA,Selindo,1-Apr-19,31-Mar-21,AKTIF,1
284,1808284,AREA JAWA III,BANK COMMONWEALTH,Selindo,1-May-19,30-Apr-22,AKTIF,1
285,1808285,AREA JAWA III,BANK SAHABAT SAMPOERNA,Selindo,1-May-20,30-Apr-22,AKTIF,1
286,1808286,AREA JAWA III,ASURANSI ALLIANZ LIFE INDONESIA ,"Kantor Pusat Jaksel, Denpasar, Medan, Bandung, Surabaya",1-Jul-18,31-Dec-19,AKTIF,1
287,1808287,AREA JAWA III,ASURANSI ADIRA DINAMIKA,"Jawa I, Jawa III, Indonesia Timur",1-Apr-19,31-Mar-20,AKTIF,1
288,1808288,AREA JAWA III,INDOSIAR VISUAL MANDIRI,"Sum I, Sum II, Jawa I, Jawa II, Jawa III, Indtim ",1-Jan-19,31-Dec-19,AKTIF,1
289,1808289,AREA JAWA III,KOPERASI PINJAM JASA SAHABAT MITRA SEJATI ,"Sumatera I, Jawa I, Jawa III, Indonesia Timur",1-May-20,30-Apr-22,AKTIF,1
290,1808290,AREA JAWA III,"MITRA PINASTHIKA MUSTIKA, TBK","Sumatera, Jawa I, Jawa II, Jawa III dan Kalimantan",1-Feb-20,31-Jan-21,AKTIF,1
291,1808291,AREA JAWA III,MULTINDO AUTO FINANCE,"Jawa I, Jawa II, Jawa III",1-May-20,30-Apr-21,AKTIF,1
292,1808292,AREA JAWA III,BANK INA PERDANA,"Jawa I, Jawa II, Jawa III",1-Jan-19,31-Dec-19,AKTIF,1
293,1808293,AREA JAWA III,"BANK NATIONAL NOBU, TBK","Padang, Solo, Malang, Jember, Pekanbaru, Batam",1-Jan-20,31-Dec-20,AKTIF,1
294,1808294,AREA JAWA III,"BANK CENTRAL ASIA, TBK","Sumatera, Jawa III, Kalimantan dan Indonesia Timur",1-Mar-20,28-Feb-21,AKTIF,1
295,1808295,AREA JAWA III,"BANK MUAMALAT INDONESIA, TBK","Sumatera, Jawa I, Jawa II, Jawa III dan Kalimantan",1-Oct-19,31-Dec-20,AKTIF,1
296,1808296,AREA JAWA III,"BANK OCBC NISP, TBK","Sumatera, Jawa II, Jawa III, Kalimantan, Indonesia Timur",1-Mar-19,28-Feb-21,AKTIF,1
297,1808297,AREA SUMATERA,AGUNG AUTO MALL ,Jambi ,1-Jan-19,31-Dec-19,AKTIF,1
298,1808298,AREA SUMATERA,ANG RUKUN SEJAHTERA (HOTEL PADANG),"Jalan Berok Raya No. 36 RT 006 RW 003 Surau Gadang, Nanggalo Padang",1-Jul-18,31-Dec-18,BERAKHIR,1
299,1808299,AREA SUMATERA,ARAU PERMAI LESTARI,"Jalan Batang Arau, No. 44-48 Kota Padang",1-Oct-18,30-Sep-19,BERAKHIR,1
300,1808300,AREA SUMATERA,ARISTA AUTO PRIMA (HONDA),Aceh,1-Apr-18,31-Mar-19,AKTIF,1
301,1808301,AREA SUMATERA,ARISTA SUKSES MANDIRI,Jl. Prof DR. MR. Muhammad Hasan Kel. Lampeuneurut Gampong Kab. Aceh Besar,1-Aug-19,31-Jul-20,AKTIF,1
302,1808302,AREA SUMATERA,ARMADA BANDA JAYA,Aceh,1-Jul-19,30-Jun-20,AKTIF,1
303,1808303,AREA SUMATERA,"PT ASTRA INTERNATIONAL, TBK",Sumatera Selatan,1-Jan-19,31-Dec-19,AKTIF,1
304,1808304,AREA SUMATERA,BINTANG INTAN SARANA,Komplek Bintang Baru Batu Ampar-Batam Kepri,1-Jan-19,31-Dec-20,AKTIF,1
305,1808305,AREA SUMATERA,BPJS KETENAGAKERJAAN,Jl. Basuki Rahmat No. 1303 A-B Palembang,1-Apr-19,31-Mar-20,AKTIF,1
306,1808306,AREA SUMATERA,BUMI MENARA INTERNUSA,Medan ,1-Jul-20,30-Jun-21,AKTIF,1
307,1808307,AREA SUMATERA,"BUKIT ASAM PERSERO, TBK",Pelabuhan Tarahan-Tanjung Enim,1-Jan-19,31-Oct-20,AKTIF,1
308,1808308,AREA SUMATERA,BUKIT ENERGI SERVIS TERPADU,Tarahan Bandar Lampung,1-Jul-20,30-Jun-21,AKTIF,1
309,1808309,AREA SUMATERA,CENTURY ABADI PERKASA,"PLTM Lawe Sikap, Desa Batu Bulan I, Kecamatan Babussalam, Aceh Tenggara-Provinsi Aceh",1-Jan-20,31-Dec-20,AKTIF,1
310,1808310,AREA SUMATERA,CV. PASADENA CELLULAR,"Jalan Brigjen Katamso No. 25 Tanjungkarang, Bandar Lampung",3-Jul-20,3-Jul-21,AKTIF,1
311,1808311,AREA SUMATERA,CV REMPAH SARI,Jalan Pulau Air No. 30 Padang,3-Sep-18,2-Sep-19,BERAKHIR,1
312,1808312,AREA SUMATERA,DARUSSALAM BERLIAN MOTOR,"Jl. Soekarno Hatta, Desa Lam Ara Banda Aceh",1-May-19,30-Apr-20,AKTIF,1
313,1808313,AREA SUMATERA,DISTRIVERSA BUANA MAS,Kota Palembang,1-Mar-19,29-Feb-20,AKTIF,1
314,1808314,AREA SUMATERA,ELIZABETH HANJAYA,"Lampung, Padang, Palembang",4-Sep-19,3-Sep-20,AKTIF,1
315,1808315,AREA SUMATERA,"ENSEVAL PUTERA MEGATRADING, TBK",Cabang Banda Aceh,1-Oct-19,30-Sep-20,AKTIF,1
316,1808316,AREA SUMATERA,ET BANDA ACEH,Banda Aceh,1-Oct-18,30-Sep-20,AKTIF,1
317,1808317,AREA SUMATERA,PT EVERBRIGHT ABC,Lampung,1-Jul-19,30-Jun-20,AKTIF,1
318,1808318,AREA SUMATERA,FAJAR MARINDO JAYA (PELNAS),Jl. Dr. Cipto Mangunkusumo No. 01 Kec. Jambi Timur,1-Jan-20,31-Dec-20,AKTIF,1
319,1808319,AREA SUMATERA,GLOBAL MITRA PRIMA,"Jalan Budi Luhur No. 196, Medan",1-Apr-20,31-Mar-21,AKTIF,1
320,1808320,AREA SUMATERA,HASILINDO SAWIT CIPTAMA,"Desa Sungai Korang, Kec. Hutaraja Tinggi, Kab. Padang Lawas",26-Oct-19,25-Apr-20,AKTIF,1
321,1808321,AREA SUMATERA,INDRA ANGKOLA,"Jalan Imam Bonjol No. 197, Padang Matinggi, P.Sidempuan",26-Oct-19,25-Apr-20,AKTIF,1
322,1808322,AREA SUMATERA,JAYA SENTRIKON INDONESIA,"Jalan Padang By Pass Nagari Kasang Kec. Batang Anai, Kab. Padang Pariaman-Sumbar",30-Sep-19,30-Mar-20,AKTIF,1
323,1808323,AREA SUMATERA,KARYA SUKA ABADI,Banda Aceh,1-Jan-19,31-Dec-19,AKTIF,1
324,1808324,AREA SUMATERA,LOCCOM MANDIRI INDONESIA,Sumatera Selatan,1-Apr-19,31-Mar-20,AKTIF,1
325,1808325,AREA SUMATERA,MAHAMERU AKSARA AGRI,Kab. Way Kanan Bandar Lampung,1-Oct-18,30-Sep-19,BERAKHIR,1
326,1808326,AREA SUMATERA,MENSA BINA SUKSES,Jl. Gabus No. 11 Lampriet Banda Aceh,14-Jun-18,13-Jun-20,AKTIF,1
327,1808327,AREA SUMATERA,MERAPI UTAMA PHARMA,Jl. H. Muhammad Hasan No. 108 Lampeuneurut Banda Aceh,1-Aug-19,31-Jul-20,AKTIF,1
328,1808328,AREA SUMATERA,MIGAS ANGKOLA PERSADA,"Jalan Imam Bonjol No. 197, Padang Matinggi, P.Sidempuan",26-Oct-19,25-Apr-20,AKTIF,1
329,1808329,AREA SUMATERA,MITRA KERINCI,Padang,7-Sep-19,6-Sep-20,AKTIF,1
330,1808330,AREA SUMATERA,MUTIARA ENDIKAT (SANTIKA BANDARA PREMIERE PALEMBANG),Jalan Gubernur Haji Asnawi Mangku Alam 168-169 Kota Palembang,5-Aug-19,29-Feb-20,AKTIF,1
331,1808331,AREA SUMATERA,NATRACO SPICES INDONESIA,"Jalan Bypass Lama KM 9 Lubuk Begalung, Padang",3-Nov-19,2-Nov-20,AKTIF,1
332,1808332,AREA SUMATERA,NITA INTAN SARANA,Perumahan Diamond Place,1-Jan-19,31-Dec-20,AKTIF,1
333,1808333,AREA SUMATERA,OTORITAS JASA KEUANGAN,Rumah Jabatan & Gedung Kantor OJK,1-Apr-19,30-Jun-19,BERAKHIR,1
334,1808334,AREA SUMATERA,OTORITAS JASA KEUANGAN,,1-Jul-19,31-Dec-19,AKTIF,1
335,1808335,AREA SUMATERA,PARIT PADANG GLOBAL,PPG Cabang Jambi JalanPeltu Sipahutar No. 78 RT 12 Kel. Talang Bakung Kec. Jambi Selatan,1-Jan-19,31-Dec-19,AKTIF,1
336,1808336,AREA SUMATERA,PARIT PADANG GLOBAL,"PPG Cabang Medan, Jl. Budi Luhur No. 196-A, Medan Helvetia, dan Jl. Setia Budi",1-Aug-19,31-Jul-20,AKTIF,1
337,1808337,AREA SUMATERA,PRIMA MULTI USAHA INDONESIA,Banda Aceh,2-Sep-19,1-Sep-20,AKTIF,1
338,1808338,AREA SUMATERA,PRODIA WIDYAHUSADA,Banda Aceh,2-Mar-19,1-Mar-20,AKTIF,1
339,1808339,AREA SUMATERA,RSI IBNU SINA SIMPANG EMPAT (YARSI SUMBAR),Pasaman Barat,1-Mar-19,20-Feb-20,AKTIF,1
340,1808340,AREA SUMATERA,RSI IBNU SINA YARSI PAYAKUMBUH,"Jl. Linggarjati IX No. 7 RT 003 RW 002 Kel. Parupuk Tabing, Kota Padang",2-Jan-19,31-Dec-19,AKTIF,1
341,1808341,AREA SUMATERA,RSI IBNU SINA BUKIT TINGGI,"Jl. Batang Agam, Bukittinggi",1-Mar-20,28-Feb-21,AKTIF,1
342,1808342,AREA SUMATERA,RS ISLAM IBNU SINA PANTI YARSI SUMBAR,Jl Raya Bukittinggi-Medan Kp. Aceh No.86 Panti Kab. Pasaman,1-May-20,30-Apr-21,AKTIF,1
343,1808343,AREA SUMATERA,RS ISLAM IBNU SINA PADANG,Sumatera Barat,1-Sep-19,31-Aug-20,AKTIF,1
344,1808344,AREA SUMATERA,RSI SITI RAHMAH PADANG,Jalan By Pass Km 15 Air Pacah,1-Jul-19,31-Dec-19,BERAKHIR,1
345,1808345,AREA SUMATERA,SATRIA BAHANA SARANA,Office Pelabuhan Tarahan,30-Nov-18,29-Nov-19,AKTIF,1
346,1808346,AREA SUMATERA,SATRIA BAHANA SARANA,Tanjung Enim,1-Jun-19,31-May-21,AKTIF,1
347,1808347,AREA SUMATERA,SINBUN SIBREH,Banda Aceh,1-Sep-18,31-Aug-20,AKTIF,1
348,1808348,AREA SUMATERA,SINAR MITRA SEPADAN FINANCE,Pekanbaru,10-Oct-18,9-Oct-19,AKTIF,1
349,1808349,AREA SUMATERA,SUTAN KASIM,Aceh Besar,1-Jan-19,31-Dec-19,AKTIF,1
350,1808350,AREA SUMATERA,SWAKARYA INSAN MANDIRI,Medan ,1-Feb-20,31-Dec-20,AKTIF,1
351,1808351,AREA SUMATERA,TITIS SAMPURNA,Sumatera Selatan,1-May-20,30-Apr-21,AKTIF,1
352,1808352,AREA SUMATERA,TRIMITRA BOGA SELARAS (HOTEL AMARIS PALEMBANG),Hotel Amaris Palembang-Sumsel,1-May-19,30-Apr-20,AKTIF,1
353,1808353,AREA SUMATERA,TRIMITRA CIPTA MANDIRI,Provinsi Jambi,21-May-20,20-May-21,AKTIF,1
354,1808354,AREA SUMATERA,TUNAS AGRO SEJATI,"Desa Gulangan, Kec. Sihapas Barumun, Kab. Padang Lawas",26-Apr-20,25-Oct-20,AKTIF,1
355,1808355,AREA SUMATERA,UD SUBUR SENTOSA,Pematang Siantar,18-Nov-16,17-Nov-18,AKTIF,1
356,1808356,AREA SUMATERA,UNIVERSITAS BAITURRAHMAH,Padang,1-Jan-19,31-Dec-19,BERAKHIR,1
357,1808357,AREA SUMATERA,VITA MANDIRI JAYA,Lampung & Palembang,1-Jan-20,30-Jun-20,BERAKHIR,1
358,1808358,AREA SUMATERA,WINDU JAYA UTAMA,Batam,1-Sep-19,31-Aug-20,AKTIF,1
359,1808359,AREA SUMATERA,YAYASAN FATIH INDONESIA (FATIH BILINGUAL SCHOOL),Banda Aceh,1-Nov-19,31-Oct-20,AKTIF,1
360,1808360,AREA SUMATERA,YAYASAN INTERNATIONAL FULL GOSPEL FELLOWSHIP,"Jl. Klenteng No.299, Pondok-Padang",1-Feb-18,31-Jan-19,BERAKHIR,1
361,1808361,AREA SUMATERA,BANK ACEH,Aceh,1-Feb-19,31-Jan-21,AKTIF,1
362,1808362,AREA SUMATERA,"BANK MAYAPADA INTERNATIONAL, TBK",Cabang Pematang Siantar,1-May-20,30-Apr-21,AKTIF,1
363,1808363,AREA SUMATERA,BANK NEGARA INDONESIA (PERSERO) TBK PALEMBANG,Kanwil Palembang,1-Aug-20,30-Jun-21,AKTIF,1
364,1808364,AREA SUMATERA,BANK BNI SYARIAH CABANG BANDA ACEH,Banda Aceh,1-Jan-19,31-Dec-20,AKTIF,1
365,1808365,AREA SUMATERA,BPR  TUNAS MITRA MANDIRI,,1-Jan-19,31-Dec-19,AKTIF,1
366,1808366,AREA SUMATERA,BPR BANDAR RAYA,Batam,1-Jan-20,31-Dec-20,AKTIF,1
367,1808367,AREA SUMATERA,"BANK PANIN, TBK",Cabang Banda Aceh,1-Aug-19,31-Jul-20,AKTIF,1
368,1808368,AREA SUMATERA,BPR MUSTAQIM SUKA MAKMUR,Aceh,1-Oct-19,30-Sep-20,AKTIF,1
369,1808369,AREA SUMATERA,ADI SARANA ARMADA ,Selindo,1-Jan-18,31-Dec-18,BERAKHIR,1
370,1808370,AREA SUMATERA,ANUGRAH ARGON MEDICA ,Selindo,1-Jan-18,31-Dec-19,AKTIF,1
371,1808371,AREA SUMATERA, ANUGERAH PHARMINDO LESTARI ,Selindo ,1-Apr-20,31-Jul-20,AKTIF,1
372,1808372,AREA SUMATERA,CIMB NIAGA AUTO FINANCE,Selindo,1-Nov-18,31-Oct-20,AKTIF,1
373,1808373,AREA SUMATERA,FEDERAL INTERNATIONAL FINANCE,Selindo,11-Jun-20,11-Jun-21,AKTIF,1
374,1808374,AREA SUMATERA,FINANSIA MULTI FINANCE,Selindo,1-May-20,30-Apr-21,AKTIF,1
375,1808375,AREA SUMATERA,MAYBANK INDONESIA FINANCE,Selindo,1-Jan-20,31-Dec-20,AKTIF,1
376,1808376,AREA SUMATERA,MAXPOWER INDONESIA,Selindo,1-Jan-19,31-Dec-19,AKTIF,1
377,1808377,AREA SUMATERA,"MITRA PINASTHIKA MUSTIKA FINANCE, TBK",Selindo,1-Jan-20,31-Dec-20,AKTIF,1
378,1808378,AREA SUMATERA,PT MULTIFILLING MITRA INDONESIA,Selindo,1-Jan-19,31-Dec-19,AKTIF,1
379,1808379,AREA SUMATERA,UNILEVER INDONESIA,Selindo,2-Jan-20,31-Dec-20,AKTIF,1
380,1808380,AREA SUMATERA,PT BANK IBK,Selindo,1-Jan-19,31-Dec-19,AKTIF,1
381,1808381,AREA SUMATERA,"BANK PEMBANGUNAN DAERAH JAWA BARAT DAN BANTEN, TBK",Selindo,30-Mar-20,31-Mar-20,AKTIF,1
382,1808382,AREA SUMATERA,"BANK PERMATA, TBK",Selindo,1-May-20,31-Dec-22,AKTIF,1
383,1808383,AREA SUMATERA,"BANK PERMATA, TBK (JASA PATROLI PENGAMANAN)",Selindo,1-Jan-18,31-Dec-19,AKTIF,1
384,1808384,AREA SUMATERA,BANK UOB INDONESIA,Selindo,1-Apr-19,31-Mar-21,AKTIF,1
385,1808385,AREA SUMATERA,BANK COMMONWEALTH,Selindo,1-May-19,30-Apr-22,AKTIF,1
386,1808386,AREA SUMATERA,BANK SAHABAT SAMPOERNA,Selindo,1-May-20,30-Apr-22,AKTIF,1
387,1808387,AREA SUMATERA,ADI SARANA LELANG,"Medan, Balikpapan, Semarang",1-Jan-18,31-Dec-18,BERAKHIR,1
388,1808388,AREA SUMATERA,ASURANSI ALLIANZ LIFE INDONESIA ,"Kantor Pusat Jaksel, Denpasar, Medan, Bandung, Surabaya",1-Jul-18,31-Dec-19,AKTIF,1
389,1808389,AREA SUMATERA,HANWA LIFE INSURANCE INDONESIA,Medan,18-Nov-17,17-Nov-18,AKTIF,1
390,1808390,AREA SUMATERA,INDOSIAR VISUAL MANDIRI,"Sum I, Sum II, Jawa I, Jawa II, Jawa III, Indtim ",1-Jan-19,31-Dec-19,AKTIF,1
391,1808391,AREA SUMATERA,KOPERASI PINJAM JASA SAHABAT MITRA SEJATI ,"Sumatera I, Jawa I, Jawa III, Indonesia Timur",1-May-20,30-Apr-22,AKTIF,1
392,1808392,AREA SUMATERA,MALINDO FEEDMILL TBK,Banjarmasin,21-Feb-19,20-Feb-20,AKTIF,1
393,1808393,AREA SUMATERA,"MITRA PINASTHIKA MUSTIKA, TBK","Sumatera, Jawa I, Jawa II, Jawa III dan Kalimantan",1-Feb-20,31-Jan-21,AKTIF,1
394,1808394,AREA SUMATERA,SERA GROUP,"Balikpapan, Sangatta, Samarinda, Serpo Vico, Bontang, Batu Kajang",1-Dec-18,31-Dec-19,AKTIF,1
395,1808395,AREA SUMATERA,SUMBER CIPTA MULTNIAGA,"Sumatera, Jawa I",1-Jan-20,31-Dec-20,AKTIF,1
396,1808396,AREA SUMATERA,TRANSPORTASI GAS INDONESIA,Regional Office 3 Pekanbaru,1-Oct-18,31-Dec-20,AKTIF,1
397,1808397,AREA SUMATERA,BANK HSBC INDONESIA (BANK EKONOMI RAHARJA),"Sumatera, Jawa I, Jawa II, Kalimantan, Indonesia Timur",1-Aug-18,2-Aug-20,AKTIF,1
398,1808398,AREA SUMATERA,"BANK NATIONAL NOBU, TBK","Padang, Solo, Malang, Jember, Pekanbaru, Batam",1-Jan-20,31-Dec-20,AKTIF,1
399,1808399,AREA SUMATERA,"BANK RAKYAT INDONESIA, TBK",,19-Nov-19,18-Nov-20,AKTIF,1
400,1808400,AREA SUMATERA,"BANK RAKYAT INDONESIA, TBK",,19-Nov-18,18-Nov-19,AKTIF,1
401,1808401,AREA SUMATERA,"BANK DANAMON INDONESIA, TBK","Sumatera, Jawa I, Kalimantan dan Indonesia Timur",1-Sep-19,30-Sep-20,AKTIF,1
402,1808402,AREA SUMATERA,"BANK CENTRAL ASIA, TBK","Sumatera, Jawa III, Kalimantan dan Indonesia Timur",1-Mar-20,28-Feb-21,AKTIF,1
403,1808403,AREA SUMATERA,"BANK MAYBANK INDONESIA, Tbk, PT","Sumatera, Jawa I, Kalimantan dan Indonesia Timur",1-Apr-20,31-Mar-23,AKTIF,1
404,1808404,AREA SUMATERA,"BANK MUAMALAT INDONESIA, TBK","Sumatera, Jawa I, Jawa II, Jawa III dan Kalimantan",1-Oct-19,31-Dec-20,AKTIF,1
405,1808405,AREA SUMATERA,"BANK OCBC NISP, TBK","Sumatera, Jawa II, Jawa III, Kalimantan, Indonesia Timur",1-Mar-19,28-Feb-21,AKTIF,1
406,1808406,AREA KALIMANTAN,"PT ASTRA INTERNATIONAL, TBK",,1-Jan-19,31-Dec-19,AKTIF,1
407,1808407,AREA KALIMANTAN,BERKAT ANUGERAH SEJAHTERA,Office Samarinda,3-Mar-20,2-Mar-21,AKTIF,1
408,1808408,AREA KALIMANTAN,BERKAT ANUGERAH SEJAHTERA,"Site Loa Kulu Kukar, Site Batauh Kukar, Site Tanah Datar, dan Site Loa Gagak Kukar",13-May-20,12-Aug-20,AKTIF,1
409,1808409,AREA KALIMANTAN,CANDI PASIFIK ,Jl. Yos Sudarso RT 17 Loa Kulu Kota Kukar,22-Jun-19,21-Dec-19,AKTIF,1
410,1808410,AREA KALIMANTAN,CITRANUSA INTISAWIT,Jln. Aminah Syukur No. 01 RT 02 Kel. Sei Pinang Samarinda,11-Feb-19,10-Feb-20,AKTIF,1
411,1808411,AREA KALIMANTAN,ERSIHAN SATYA PRATAMA,Jalan Martadinata No. 7 Samarinda-Kalimantan Timur,1-Jul-19,31-Dec-19,AKTIF,1
412,1808412,AREA KALIMANTAN,FAKULTAS TEKNIK UNIVERSITAS TANJUNGPURA,"Jl. Prof. DR. H. Hadari Nawawi, Kota Pontianak Kalbar",1-Oct-19,30-Sep-20,AKTIF,1
413,1808413,AREA KALIMANTAN,HARMONI MITRA UTAMA,PAM External Cabang Balikpapan,1-Jan-20,31-Dec-20,AKTIF,1
414,1808414,AREA KALIMANTAN,KOMPLEK PERTOKOAN JERUJU WEAR HOUSE,Jl. Komyos Soedarso KM 2 Pontianak,10-Dec-19,9-Dec-20,AKTIF,1
415,1808415,AREA KALIMANTAN,OTORITAS JASA KEUANGAN,,1-May-19,31-Dec-19,AKTIF,1
416,1808416,AREA KALIMANTAN,PRIMACON,Jl. Aminah Sykur No.01 Kel. Sei Pinang-Samarinda,3-Mar-19,2-Mar-20,AKTIF,1
417,1808417,AREA KALIMANTAN,PUTRA BINTANG SAMARINDA,Jl. Poros Samarinda Bontang RT 26 No. 18,1-Aug-19,31-Jul-20,AKTIF,1
418,1808418,AREA KALIMANTAN,PUTRA PERKASA ABADI,Jl. Aminah Sykur No.01 Kel. Sei Pinang-Samarinda,17-Dec-18,16-Jun-19,BERAKHIR,1
419,1808419,AREA KALIMANTAN,SEKOLAH IMMANUEL,"Jalan Letjend Sutoyo, Komplek Sutoyo Indah",1-Jan-20,31-Dec-20,AKTIF,1
420,1808420,AREA KALIMANTAN,SELARAS ANUGRAH SENTOSA (HOTEL GRAND TJOKRO BALIKPAPAN),"Jl. Marsma R Iswayudi no 01 RT 11, Sepinggan, Balikpapapan",6-Jan-20,5-Jan-21,AKTIF,1
421,1808421,AREA KALIMANTAN,SUMBERDAYA SEWATAMA,Balikpapan,1-Jan-20,31-Dec-20,AKTIF,1
422,1808422,AREA KALIMANTAN,SURYA MADISTRINDO/SURYA KALTIM PERKASA,Balikpapan ,1-Jan-20,31-Dec-20,AKTIF,1
423,1808423,AREA KALIMANTAN,YAYASAN GEREJA PROTESTAN KAMPUNG BALI,Pontianak,1-Jan-20,31-Dec-20,AKTIF,1
424,1808424,AREA KALIMANTAN,"BANK MAYAPADA INTERNATIONAL, TBK",Samarinda,7-Jan-20,6-Mar-20,AKTIF,1
425,1808425,AREA KALIMANTAN,"BANK NEGARA INDONESIA, TBK",Samarinda,1-Jul-19,31-Dec-19,AKTIF,1
426,1808426,AREA KALIMANTAN,BANK NEGARA INDONESIA (PERSERO) TBK ,"Nunukan, Tanjung Redep, Tarakan, Tanjung Selor, Bontang, Samarinda, Balikpapan",1-Jan-20,31-Dec-20,AKTIF,1
427,1808427,AREA KALIMANTAN,"BANK MAYBANK INDONESIA, Tbk, PT",PAM External Cabang Balikpapan,6-Jan-19,31-Dec-19,AKTIF,1
428,1808428,AREA KALIMANTAN,ADI SARANA ARMADA ,Selindo,1-Jan-18,31-Dec-18,BERAKHIR,1
429,1808429,AREA KALIMANTAN,ANUGRAH ARGON MEDICA ,Selindo,1-Jan-18,31-Dec-19,AKTIF,1
430,1808430,AREA KALIMANTAN, ANUGERAH PHARMINDO LESTARI ,Selindo ,1-Apr-20,31-Jul-20,AKTIF,1
431,1808431,AREA KALIMANTAN,CIMB NIAGA AUTO FINANCE,Selindo,1-Nov-18,31-Oct-20,AKTIF,1
432,1808432,AREA KALIMANTAN,FEDERAL INTERNATIONAL FINANCE,Selindo,11-Jun-20,11-Jun-21,AKTIF,1
433,1808433,AREA KALIMANTAN,FINANSIA MULTI FINANCE,Selindo,1-May-20,30-Apr-21,AKTIF,1
434,1808434,AREA KALIMANTAN,MAYBANK INDONESIA FINANCE,Selindo,1-Jan-20,31-Dec-20,AKTIF,1
435,1808435,AREA KALIMANTAN,MAXPOWER INDONESIA,Selindo,1-Jan-19,31-Dec-19,AKTIF,1
436,1808436,AREA KALIMANTAN,"MITRA PINASTHIKA MUSTIKA FINANCE, TBK",Selindo,1-Jan-20,31-Dec-20,AKTIF,1
437,1808437,AREA KALIMANTAN,PT MULTIFILLING MITRA INDONESIA,Selindo,1-Jan-19,31-Dec-19,AKTIF,1
438,1808438,AREA KALIMANTAN,UNILEVER INDONESIA,Selindo,2-Jan-20,31-Dec-20,AKTIF,1
439,1808439,AREA KALIMANTAN,PT BANK IBK,Selindo,1-Jan-19,31-Dec-19,AKTIF,1
440,1808440,AREA KALIMANTAN,"BANK PEMBANGUNAN DAERAH JAWA BARAT DAN BANTEN, TBK",Selindo,30-Mar-20,31-Mar-20,AKTIF,1
441,1808441,AREA KALIMANTAN,"BANK PERMATA, TBK",Selindo,1-May-20,31-Dec-22,AKTIF,1
442,1808442,AREA KALIMANTAN,"BANK PERMATA, TBK (JASA PATROLI PENGAMANAN)",Selindo,1-Jan-18,31-Dec-19,AKTIF,1
443,1808443,AREA KALIMANTAN,BANK UOB INDONESIA,Selindo,1-Apr-19,31-Mar-21,AKTIF,1
444,1808444,AREA KALIMANTAN,BANK COMMONWEALTH,Selindo,1-May-19,30-Apr-22,AKTIF,1
445,1808445,AREA KALIMANTAN,BANK SAHABAT SAMPOERNA,Selindo,1-May-20,30-Apr-22,AKTIF,1
446,1808446,AREA KALIMANTAN,ASTRA SEDAYA FINANCE,Kalimantan dan Indonesia Timur,1-Jan-20,31-Dec-21,AKTIF,1
447,1808447,AREA KALIMANTAN,MALINDO FEEDMILL TBK,Banjarmasin,21-Feb-19,20-Feb-20,AKTIF,1
448,1808448,AREA KALIMANTAN,"MITRA PINASTHIKA MUSTIKA, TBK","Sumatera, Jawa I, Jawa II, Jawa III dan Kalimantan",1-Feb-20,31-Jan-21,AKTIF,1
449,1808449,AREA KALIMANTAN,SERA GROUP,"Balikpapan, Sangatta, Samarinda, Serpo Vico, Bontang, Batu Kajang",1-Dec-19,31-Dec-20,AKTIF,1
450,1808450,AREA KALIMANTAN,BANK HSBC INDONESIA (BANK EKONOMI RAHARJA),"Sumatera, Jawa I, Jawa II, Kalimantan, Indonesia Timur",1-Aug-18,2-Aug-20,AKTIF,1
451,1808451,AREA KALIMANTAN,"BANK RAKYAT INDONESIA, TBK",Banjarmasin,19-Nov-18,18-Nov-19,AKTIF,1
452,1808452,AREA KALIMANTAN,"BANK CENTRAL ASIA, TBK","Sumatera, Jawa III, Kalimantan dan Indonesia Timur",1-Mar-20,28-Feb-21,AKTIF,1
453,1808453,AREA KALIMANTAN,"BANK MUAMALAT INDONESIA, TBK","Sumatera, Jawa I, Jawa II, Jawa III dan Kalimantan",1-Oct-19,31-Dec-20,AKTIF,1
454,1808454,AREA KALIMANTAN,"BANK OCBC NISP, TBK","Sumatera, Jawa II, Jawa III, Kalimantan, Indonesia Timur",1-Mar-19,28-Feb-21,AKTIF,1
455,1808455,AREA INDONESIA TIMUR,"BFI FINANCE INDONESIA, TBK",,1-Apr-20,31-Dec-20,AKTIF,1
456,1808456,AREA INDONESIA TIMUR,BUMI PRIMA JAYA,Jalan Jendral Ahmad Yani No. 03 Makassar,1-Apr-19,30-Sep-19,BERAKHIR,1
457,1808457,AREA INDONESIA TIMUR,CHURCH WORLD SERVICE INDONESIA (CWS),,1-Jan-20,30-Jun-20,AKTIF,1
458,1808458,AREA INDONESIA TIMUR,DAHANA (PERSERO),Pangkep-Sulawesi,1-Nov-19,31-Oct-20,AKTIF,1
459,1808459,AREA INDONESIA TIMUR,DAHANA (PERSERO) JOBSITE,Jobsite Bendungan Pamakulu,25-Jun-20,24-Jun-21,AKTIF,1
460,1808460,AREA INDONESIA TIMUR,DIPO STAR FINANCE,Cabang Makassar,1-May-19,30-Apr-20,AKTIF,1
461,1808461,AREA INDONESIA TIMUR,HILON INDONESIA,,20-Jan-20,17-Nov-20,AKTIF,1
462,1808462,AREA INDONESIA TIMUR,HOTEL SAHID PAPUA,Jl. Bantera Entrop Jayapura,11-Jul-19,11-Jul-20,AKTIF,1
463,1808463,AREA INDONESIA TIMUR,HYDRO PERDANA RETAILINDO,"       Jl. Trans Sulawesi, Panau, Palu Utara",7-Jun-20,31-Aug-20,AKTIF,1
464,1808464,AREA INDONESIA TIMUR,JASINDO TRANS PAPUA,"Cabang Jayapura, Timika, Sorong, Manokwari",16-Mar-20,31-Dec-20,AKTIF,1
465,1808465,AREA INDONESIA TIMUR,JO WIJAYA KARYA (PERSERO) TBK-PT BUMI KARSA,Jalan AP Petttarani Komp. Ruko Sardonix No. 14 Masale-Panakukang,1-Oct-18,31-Dec-18,BERAKHIR,1
466,1808466,AREA INDONESIA TIMUR,KOPERASI PUNDI NEKA SOLUSI,Jalan Urip Sumoharjo No. 90 A Makassar,1-Aug-19,31-Aug-19,AKTIF,1
467,1808467,AREA INDONESIA TIMUR,KOPERASI PUNDI NEKA SOLUSI,Jalan Jend. Sudirman No. 1 Kav. B Mamuju,1-May-19,31-Oct-19,BERAKHIR,1
468,1808468,AREA INDONESIA TIMUR,MITRA MAKMUR PERMAI,Kota Abepura-Jayapura,16-May-20,15-May-21,AKTIF,1
469,1808469,AREA INDONESIA TIMUR,NEW HOPE INDONESIA,Jl. Pattene Raya Kompleks Pergundangan Bussines Park AA No. 30 Kel. Pabentengan Maros-Sulsel,4-Oct-19,3-Oct-20,AKTIF,1
470,1808470,AREA INDONESIA TIMUR,NIAGA NUSA ABADI,"Cabang Palu, Poso, dan Toli-toli",27-Jan-20,26-Jan-21,AKTIF,1
471,1808471,AREA INDONESIA TIMUR,NOVELL PHARMACEUTICAL LABORATORIES,Makassar-Gowa,21-Jan-20,20-Jan-21,AKTIF,1
472,1808472,AREA INDONESIA TIMUR,OTORITAS JASA KEUANGAN,,1-Apr-20,31-Dec-20,AKTIF,1
473,1808473,AREA INDONESIA TIMUR,PUTRA MOROWALI SEJAHTERA,"Jalan Trans Sulawesi No. 8 Keurea Kec. Bahodopi, Kab. Morowali-Sulawesi Tengah",12-Aug-19,11-Jan-20,AKTIF,1
474,1808474,AREA INDONESIA TIMUR,SELERA INTER JAYA,Cabang Makassar,26-Dec-19,25-Dec-20,AKTIF,1
475,1808475,AREA INDONESIA TIMUR,SEMEN TONASA,Makassar,1-Jan-19,30-Jun-20,AKTIF,1
476,1808476,AREA INDONESIA TIMUR,SERASI LOGISTICS INDONESIA (PAM EXTERNAL),Cabang Balikpapan,1-Jul-20,31-Dec-20,AKTIF,1
477,1808477,AREA INDONESIA TIMUR,SINAR NIAGA SEJAHTERA,Makassar-Luwuk,13-Nov-19,12-Nov-20,AKTIF,1
478,1808478,AREA INDONESIA TIMUR,SINAR NIAGA SEJAHTERA,Manado & Kotamubagu,1-Jan-20,31-Dec-20,AKTIF,1
479,1808479,AREA INDONESIA TIMUR,SINAR NIAGA SEJAHTERA,Cabang Pare-Pare,14-May-20,13-May-21,AKTIF,1
480,1808480,AREA INDONESIA TIMUR,SINAR NIAGA SEJAHTERA,Cabang Palu,1-May-20,30-Apr-21,AKTIF,1
481,1808481,AREA INDONESIA TIMUR,SINAR NIAGA SEJAHTERA,Bone,13-Jun-20,12-Jun-21,AKTIF,1
482,1808482,AREA INDONESIA TIMUR,SINAR NIAGA SEJAHTERA,"Jl. Samratulangi (Trans Sulawesi) Kel. Yosonegoro, Kec. Limboto Barat, Kab. Gorontalo",1-Jul-19,30-Jun-20,AKTIF,1
483,1808483,AREA INDONESIA TIMUR,SINAR NIAGA SEJAHTERA,Jl. Chairil Anwar Kelurahan Watulondo Kec. Puuwatu Kota Kendari,1-Aug-20,31-Jul-21,AKTIF,1
484,1808484,AREA INDONESIA TIMUR,SINAR NIAGA SEJAHTERA,Cabang Kolaka,1-Feb-20,31-Jan-21,AKTIF,1
485,1808485,AREA INDONESIA TIMUR,SINAR NIAGA SEJAHTERA,Cabang Gowa,4-Aug-19,3-Aug-20,AKTIF,1
486,1808486,AREA INDONESIA TIMUR,SINAR NIAGA SEJAHTERA,Cabang Parigi,1-Aug-20,31-Jul-21,AKTIF,1
487,1808487,AREA INDONESIA TIMUR,SINAR MANDIRI JAYARAYA,Jayapura-Papua,1-Sep-18,31-Aug-19,BERAKHIR,1
488,1808488,AREA INDONESIA TIMUR,SURYA MANDIRI JAYA PRATAMA,"Jalan Yotefa RT 001 RW 006 Awiyo, Abepura-Jayapura",18-Oct-19,17-Oct-20,AKTIF,1
489,1808489,AREA INDONESIA TIMUR,SURYA MANDIRI JAYA PRATAMA (KEDIAMAN DIRUT),Kediaman Dirut,11-Jan-20,10-Jan-21,AKTIF,1
490,1808490,AREA INDONESIA TIMUR,TOKO EDISON ACCU,Makassar,1-Mar-20,28-Feb-21,AKTIF,1
491,1808491,AREA INDONESIA TIMUR,UD CITRA PRIMA (INSIGNIA RESIDENCE),Jalan Perintis Kemerdekaan Kel. Pai Kec. Biringkanaya Kota Makassar,1-Apr-19,30-Sep-19,BERAKHIR,1
492,1808492,AREA INDONESIA TIMUR,UD KALAM HIDUP,"Jalan Dr. Sam Ratulangi No. 175 Mandonga, Kota Kendari-Sulawesi Tenggara",1-Aug-19,31-Jul-20,AKTIF,1
493,1808493,AREA INDONESIA TIMUR,UNILEVER ENTERPRISE INDONESIA,Makassar,26-Mar-18,25-Mar-19,BERAKHIR,1
494,1808494,AREA INDONESIA TIMUR,WIJAYA KARYA (PERSERO) TBK,Makassar,1-Oct-19,31-Dec-19,BERAKHIR,1
495,1808495,AREA INDONESIA TIMUR,BANK PEMBANGUNAN DAERAH PAPUA,Kanpus dan KCU Papua,4-Dec-19,3-Feb-20,AKTIF,1
496,1808496,AREA INDONESIA TIMUR,BANK PEMBANGUNAN DAERAH PAPUA,Cabang Sarmi,5-Jun-20,5-Sep-20,AKTIF,1
497,1808497,AREA INDONESIA TIMUR,BANK PEMBANGUNAN DAERAH PAPUA,Cabang Fak-Fak,27-Feb-19,27-Feb-21,AKTIF,1
498,1808498,AREA INDONESIA TIMUR,BANK PEMBANGUNAN DAERAH PAPUA,Cabang Nabire,7-Apr-18,31-Dec-19,AKTIF,1
499,1808499,AREA INDONESIA TIMUR,BANK PEMBANGUNAN DAERAH PAPUA,Cabang Wamena,16-Feb-19,15-Feb-20,AKTIF,1
500,1808500,AREA INDONESIA TIMUR,BANK PEMBANGUNAN DAERAH PAPUA,Cabang Arso,15-Jan-20,15-Jan-21,AKTIF,1
501,1808501,AREA INDONESIA TIMUR,BANK PERKREDITAN RAKYAT MODERN MAKASSAR (SATUAN PENGAMANAN),"Jalan Urip Sumoharjo No. 90A RT 001 RW 001 Kel. Sinrijala, Kec. Panakkukang Kota Makassar-Sulsel",28-Aug-19,27-Feb-20,AKTIF,1
502,1808502,AREA INDONESIA TIMUR,BANK PERKREDITAN RAKYAT MODERN MAKASSAR (OB DAN DRIVER),"Jalan Urip Sumoharjo No. 90A RT 001 RW 001 Kel. Sinrijala, Kec. Panakkukang Kota Makassar-Sulsel",28-Aug-19,27-Feb-20,BERAKHIR,1
503,1808503,AREA INDONESIA TIMUR,ADI SARANA ARMADA ,Selindo,1-Jan-18,31-Dec-18,BERAKHIR,1
504,1808504,AREA INDONESIA TIMUR,ANUGRAH ARGON MEDICA ,Selindo,1-Jan-18,31-Dec-19,AKTIF,1
505,1808505,AREA INDONESIA TIMUR, ANUGERAH PHARMINDO LESTARI ,Selindo ,1-Apr-20,31-Jul-20,AKTIF,1
506,1808506,AREA INDONESIA TIMUR,CIMB NIAGA AUTO FINANCE,Selindo,1-Nov-18,31-Oct-20,AKTIF,1
507,1808507,AREA INDONESIA TIMUR,FEDERAL INTERNATIONAL FINANCE,Selindo,11-Jun-20,11-Jun-21,AKTIF,1
508,1808508,AREA INDONESIA TIMUR,FINANSIA MULTI FINANCE,Selindo,1-May-20,30-Apr-21,AKTIF,1
509,1808509,AREA INDONESIA TIMUR,MAYBANK INDONESIA FINANCE,Selindo,1-Jan-20,31-Dec-20,AKTIF,1
510,1808510,AREA INDONESIA TIMUR,MAXPOWER INDONESIA,Selindo,1-Jan-19,31-Dec-19,AKTIF,1
511,1808511,AREA INDONESIA TIMUR,"MITRA PINASTHIKA MUSTIKA FINANCE, TBK",Selindo,1-Jan-20,31-Dec-20,AKTIF,1
512,1808512,AREA INDONESIA TIMUR,PT MULTIFILLING MITRA INDONESIA,Selindo,1-Jan-19,31-Dec-19,AKTIF,1
513,1808513,AREA INDONESIA TIMUR,UNILEVER INDONESIA,Selindo,2-Jan-20,31-Dec-20,AKTIF,1
514,1808514,AREA INDONESIA TIMUR,PT BANK IBK,Selindo,1-Jan-19,31-Dec-19,AKTIF,1
515,1808515,AREA INDONESIA TIMUR,"BANK PEMBANGUNAN DAERAH JAWA BARAT DAN BANTEN, TBK",Selindo,30-Mar-20,31-Mar-20,AKTIF,1
516,1808516,AREA INDONESIA TIMUR,"BANK PERMATA, TBK",Selindo,1-May-20,31-Dec-22,AKTIF,1
517,1808517,AREA INDONESIA TIMUR,"BANK PERMATA, TBK (JASA PATROLI PENGAMANAN)",Selindo,1-Jan-18,31-Dec-19,AKTIF,1
518,1808518,AREA INDONESIA TIMUR,BANK UOB INDONESIA,Selindo,1-Apr-19,31-Mar-21,AKTIF,1
519,1808519,AREA INDONESIA TIMUR,BANK COMMONWEALTH,Selindo,1-May-19,30-Apr-22,AKTIF,1
520,1808520,AREA INDONESIA TIMUR,BANK SAHABAT SAMPOERNA,Selindo,1-May-20,30-Apr-22,AKTIF,1
521,1808521,AREA INDONESIA TIMUR,"PT ADIRA DINAMIKA MULTI FINANCE, Tbk","Jawa I, Jawa II, Indonesia Timur",1-Jun-18,31-Dec-19,AKTIF,1
522,1808522,AREA INDONESIA TIMUR,ASTRA SEDAYA FINANCE,Kalimantan dan Indonesia Timur,1-Jan-20,31-Dec-21,AKTIF,1
523,1808523,AREA INDONESIA TIMUR,ASURANSI ADIRA DINAMIKA,"Jawa I, Jawa III, Indonesia Timur",1-Apr-19,31-Mar-20,AKTIF,1
524,1808524,AREA INDONESIA TIMUR,GRAHA SARANA DUTA,Indonesia Timur ,1-Jan-19,31-Dec-20,AKTIF,1
525,1808525,AREA INDONESIA TIMUR,INDOSIAR VISUAL MANDIRI,"Sum I, Sum II, Jawa I, Jawa II, Jawa III, Indtim ",1-Jan-19,31-Dec-19,AKTIF,1
526,1808526,AREA INDONESIA TIMUR,KOPERASI PINJAM JASA SAHABAT MITRA SEJATI ,"Sumatera I, Jawa I, Jawa III, Indonesia Timur",1-May-20,30-Apr-22,AKTIF,1
527,1808527,AREA INDONESIA TIMUR,MALINDO FEEDMILL TBK,Plant Makassar,21-Oct-19,20-Oct-20,AKTIF,1
528,1808528,AREA INDONESIA TIMUR,SERA GROUP,"Balikpapan, Sangatta, Samarinda, Serpo Vico, Bontang, Batu Kajang",1-Dec-18,31-Dec-19,AKTIF,1
529,1808529,AREA INDONESIA TIMUR,BANK HSBC INDONESIA (BANK EKONOMI RAHARJA),"Sumatera, Jawa I, Jawa II, Kalimantan, Indonesia Timur",1-Aug-18,2-Aug-20,AKTIF,1
530,1808530,AREA INDONESIA TIMUR,"BANK RAKYAT INDONESIA, TBK",Makasar,19-Nov-19,18-Nov-20,AKTIF,1
531,1808531,AREA INDONESIA TIMUR,"BANK CENTRAL ASIA, TBK","Sumatera, Jawa III, Kalimantan dan Indonesia Timur",1-Mar-20,28-Feb-21,AKTIF,1
532,1808532,AREA INDONESIA TIMUR,"BANK OCBC NISP, TBK","Sumatera, Jawa II, Jawa III, Kalimantan, Indonesia Timur",1-Mar-19,28-Feb-21,AKTIF,1
533,1808533,AREA INDONESIA TIMUR,"BANK DANAMON INDONESIA, TBK","Sumatera, Jawa I, Kalimantan dan Indonesia Timur",1-Sep-19,30-Sep-20,AKTIF,1
534,1808534,AREA INDONESIA TIMUR,BANK INA PERDANA,"Jawa I, Jawa II, Jawa III",1-Jan-19,31-Dec-19,AKTIF,1
535,1808535,AREA JAWA II,"BANK RAKYAT INDONESIA, TBK",,19-Nov-19,18-Nov-20,AKTIF,1
536,1808536,AREA JAWA I, SECURITY KANTOR BSP AREA ,,,,PERMANENT,1
537,1808537,AREA JAWA II, SECURITY KANTOR BSP AREA ,,,,PERMANENT,1
538,1808538,AREA JAWA III, SECURITY KANTOR BSP AREA ,,,,PERMANENT,1
539,1808539,AREA SUMATERA, SECURITY KANTOR BSP AREA ,,,,PERMANENT,1
540,1808540,AREA JAWA I,"PT ASTRA INTERNATIONAL, TBK",,1-Jan-20,31-Dec-20,AKTIF,1
541,1808541,AREA JAWA II,PT. AUDIO SUMITOMO TEKNO,,1-Jan-19,31-Dec-19,AKTIF,1
542,1808542,AREA JAWA III,SWAKARYA INSAN MANDIRI,,1-Feb-20,31-Dec-20,AKTIF,1
543,1808543,AREA KALIMANTAN,ASTRA CREDIT COMPANIES,,1-Jan-20,31-Dec-20,AKTIF,1
544,1808544,AREA INDONESIA TIMUR,ASTRA CREDIT COMPANIES,,1-Jan-20,31-Dec-20,AKTIF,1
545,1808545,AREA INDONESIA TIMUR,"BANK MAYBANK INDONESIA, Tbk, PT",,1-Apr-20,31-Mar-23,AKTIF,1
546,1808546,AREA JAWA III,"BANK MAYBANK INDONESIA, Tbk, PT",,1-Apr-20,31-Mar-23,AKTIF,1
547,1808547,AREA JAWA II,"BANK MAYBANK INDONESIA, Tbk, PT",,1-Apr-20,31-Mar-23,AKTIF,1
548,1808548,AREA JAWA I,MITRA PINASTHIKA MULIA,,1-Feb-20,31-Jan-21,AKTIF,1
549,1808549,AREA SUMATERA,MITRA PINASTHIKA MULIA,,1-Feb-20,31-Jan-21,AKTIF,1
550,1808550,AREA INDONESIA TIMUR,SUMBERDAYA SEWATAMA,,1-Jan-20,31-Dec-20,AKTIF,1
551,1808551,AREA JAWA III,BANK PEMBANGUNAN DAERAH PAPUA,,7-Apr-18,31-Dec-19,AKTIF,1
552,1808552,AREA JAWA I,PT. JAKARTA PROPERTINDO (JAKARTA INTERNATIONAL VELODROME),,1-Jan-19,31-Dec-19,BERAKHIR,1
553,1808553,AREA JAWA II,BANK DANAMON JAWA II,,1-Jan-19,31-Dec-19,BERAKHIR,1
554,1808554,AREA JAWA III,"BANK RAKYAT INDONESIA, TBK",,19-Nov-19,18-Nov-20,AKTIF,1
555,1808555,AREA JAWA I,KOPERASI TELEKOMUNIKASI SELULAR (KISEL),,1-Jan-19,31-Dec-19,BERAKHIR,1
556,1808556,AREA JAWA III,RADANA BHASKARA FINANCE Tbk,,1-Jan-19,31-Dec-19,BERAKHIR,1
557,1808557,AREA JAWA I,ADIRA QUANTUM,,1-Jan-19,31-Dec-19,BERAKHIR,1
558,1808558,AREA JAWA I,A C E  LIFE,,1-Jan-19,31-Dec-19,BERAKHIR,1
559,1808559,AREA JAWA I,BANK CIMB NIAGA,,1-Jan-19,31-Dec-19,BERAKHIR,1
560,1808560,AREA JAWA I,BANK MANDIRI,,1-Jan-19,31-Dec-19,BERAKHIR,1
561,1808561,AREA JAWA I,INTERCELL,,1-Jan-19,31-Dec-19,BERAKHIR,1
562,1808562,AREA SUMATERA,BANK SYARIAH MANDIRI ACEH,,1-Jan-19,31-Dec-19,BERAKHIR,1
563,1808563,AREA JAWA I,DUNKIN DONUTS,,1-Jan-19,31-Dec-19,BERAKHIR,1
564,1808564,AREA JAWA I,PGN DISTRIK,,1-Jan-19,31-Dec-19,BERAKHIR,1
565,1808565,AREA JAWA I,PT. INDO JAKARTA MOTOR GEMILANG,,1-Jan-19,31-Dec-19,BERAKHIR,1
566,1808566,AREA SUMATERA,PT. DOS NI ROHA ACEH,,1-Jan-19,31-Dec-19,BERAKHIR,1
567,1808567,AREA JAWA I,PT.DWI SAMA PERSADA,,1-Jan-19,31-Dec-19,BERAKHIR,1
568,1808568,AREA JAWA I,PT. SIERAD,,1-Jan-19,31-Dec-19,BERAKHIR,1
569,1808569,AREA JAWA I,PT. PERSAELS,,1-Jan-19,31-Dec-19,BERAKHIR,1
570,1808570,AREA JAWA I,KITA FINANCE,,1-Jan-19,31-Dec-19,BERAKHIR,1
571,1808571,AREA JAWA I,INTERNUSA TRI BUANA CITRA,,1-Jan-19,31-Dec-19,BERAKHIR,1
572,1808572,AREA JAWA I,SUMITMAS ( TNT ),,1-Jan-19,31-Dec-19,BERAKHIR,1
573,1808573,AREA JAWA I,PT. JEFRINDO EKA PUTRA,,1-Jan-19,31-Dec-19,BERAKHIR,1
574,1808574,AREA JAWA I,PT. FORTUNA INFORMATIKA NUSANTARA,,1-Jan-19,31-Dec-19,BERAKHIR,1
575,1808575,AREA JAWA I,LA GRANDEUR,,1-Jan-19,31-Dec-19,BERAKHIR,1
576,1808576,AREA JAWA I,CELEBRITY FITNES ,,1-Jan-19,31-Dec-19,BERAKHIR,1
577,1808577,AREA JAWA I,BMSI ( BANK SYARIAH MEGA INDONESIA ),,1-Jan-19,31-Dec-19,BERAKHIR,1
578,1808578,AREA JAWA I,PT. SEMEN ANDALAS,,1-Jan-19,31-Dec-19,BERAKHIR,1
579,1808579,AREA SUMATERA,RADANA BHASKARA FINANCE Tbk,,1-Jan-19,31-Dec-19,BERAKHIR,1
580,1808580,AREA JAWA I,RADANA BHASKARA FINANCE Tbk,,1-Jan-19,31-Dec-19,BERAKHIR,1
581,1808581,AREA KALIMANTAN,ADI SARANA LELANG,,1-Jan-19,31-Dec-19,BERAKHIR,1
582,1808582,AREA SUMATERA,YAYASAN FALL GOSPEL FELLOWSHIP,,1-Jan-19,31-Dec-19,BERAKHIR,1
583,1808583,AREA JAWA II,PT. ASAPUTEX,,1-Jan-19,31-Dec-19,BERAKHIR,1
584,1808584,AREA JAWA I,PT FLOW FORCE INDONESIA,,1-Jan-19,31-Dec-19,BERAKHIR,1
585,1808585,AREA JAWA I,CIMB FINANCE (ex Kita Finance),,1-Jan-19,31-Dec-19,BERAKHIR,1
586,1808586,AREA SUMATERA,"PT ADIRA DINAMIKA MULTI FINANCE, Tbk",,1-Jan-19,31-Dec-19,BERAKHIR,1
587,1808587,AREA JAWA I,PT TACHI-S INDONESIA,,1-Jan-19,31-Dec-19,BERAKHIR,1
588,1808588,AREA INDONESIA TIMUR,BANK BUKOPIN,,1-Jan-19,31-Dec-19,BERAKHIR,1
589,1808589,AREA JAWA I,PT.BENTOEL INTERNATIONAL,,1-Jan-19,31-Dec-19,BERAKHIR,1
590,1808590,AREA JAWA II,PT.BENTOEL INTERNATIONAL,,1-Jan-19,31-Dec-19,BERAKHIR,1
591,1808591,AREA SUMATERA,PT.BENTOEL INTERNATIONAL,,1-Jan-19,31-Dec-19,BERAKHIR,1
592,1808592,AREA JAWA II,DAFAM PROPERTY INDONESIA,,1-Jan-19,31-Dec-19,BERAKHIR,1
593,1808593,AREA JAWA II,PT. URIP SUGIHARTO,,1-Jan-19,31-Dec-19,BERAKHIR,1
594,1808594,AREA JAWA I,PEGASOL,,1-Jan-19,31-Dec-19,BERAKHIR,1
595,1808595,AREA JAWA II,BERRY BENKA,,1-Jan-19,31-Dec-19,BERAKHIR,1
596,1808596,AREA SUMATERA,BANK SYARIAH MANDIRI ACEH,,1-Jan-19,31-Dec-19,BERAKHIR,1
597,1808597,AREA INDONESIA TIMUR,CHAROEN POKHAND,,1-Jan-19,31-Dec-19,BERAKHIR,1
598,1808598,AREA JAWA I,JIDECO INDONESIA,,1-Jan-19,31-Dec-19,BERAKHIR,1
599,1808599,AREA JAWA I,SINAR BENTALA ABADI,,1-Jan-19,31-Dec-19,BERAKHIR,1
600,1808600,AREA INDONESIA TIMUR,PT.BENTOEL INTERNATIONAL,,1-Jan-19,31-Dec-19,BERAKHIR,1
601,1808601,AREA JAWA I,SEKOLAH TIARA BANGSA,,1-Jan-19,31-Dec-19,BERAKHIR,1
602,1808602,AREA JAWA I,INFOMEDIA,,1-Jan-19,31-Dec-19,BERAKHIR,1
603,1808603,AREA INDONESIA TIMUR,PALANG MERAH INDONESIA,,1-Jan-19,31-Dec-19,BERAKHIR,1
604,1808604,AREA JAWA I,PT VANTEC,,1-Jan-19,31-Dec-19,BERAKHIR,1
605,1808605,AREA JAWA I,SAMSUNG,,1-Jan-19,31-Dec-19,BERAKHIR,1
606,1808606,AREA JAWA I,DHL,,1-Jan-19,31-Dec-19,BERAKHIR,1
607,1808607,AREA SUMATERA,PT. DOS NI ROHA ACEH,,1-Jan-19,31-Dec-19,BERAKHIR,1
608,1808608,AREA JAWA I,"BANK OCBC NISP, TBK",,1-Jan-19,31-Dec-19,BERAKHIR,1
609,1808609,AREA JAWA I,PT.MITSUBISHI,,1-Jan-19,31-Dec-19,BERAKHIR,1
610,1808610,AREA JAWA I,PT. MULTIYASA SWADAYA,,1-Jan-19,31-Dec-19,BERAKHIR,1
611,1808611,AREA JAWA I,AMANAH SURGA PRODUKSI,,1-Jan-19,31-Dec-19,BERAKHIR,1
612,1808612,AREA JAWA I,THAI SUMMIT AUTO,,1-Jan-19,31-Dec-19,BERAKHIR,1
613,1808613,AREA JAWA I,PT. OLIMPINDO SUNTER,,1-Jan-19,31-Dec-19,BERAKHIR,1
614,1808614,AREA JAWA I,BANK KESEJAHTERAAN EKONOMI,,1-Jan-19,31-Dec-19,BERAKHIR,1
615,1808615,AREA JAWA I,KOMPAS GRAMEDIA,,1-Jan-19,31-Dec-19,BERAKHIR,1
616,1808616,AREA JAWA I,VICO,,1-Jan-19,31-Dec-19,BERAKHIR,1
617,1808617,AREA SUMATERA,TIRTA SAB-SAS ACEH,,1-Jan-19,31-Dec-19,BERAKHIR,1
618,1808618,AREA JAWA I,SCTV,,1-Jan-19,31-Dec-19,BERAKHIR,1
619,1808619,AREA JAWA I,PT. BAT,,1-Jan-19,31-Dec-19,BERAKHIR,1
620,1808620,AREA JAWA I,WORLD VISION INDONESIA,,1-Jan-19,31-Dec-19,BERAKHIR,1
621,1808621,AREA JAWA I,ICBC,,1-Jan-19,31-Dec-19,BERAKHIR,1
622,1808622,AREA JAWA I,PEGADAIAN,,1-Jan-19,31-Dec-19,BERAKHIR,1
623,1808623,AREA JAWA I,PENITY SGI PURUN,,1-Jan-19,31-Dec-19,BERAKHIR,1
624,1808624,AREA JAWA I,PT. UNITED EQUIPMENT,,1-Jan-19,31-Dec-19,BERAKHIR,1
625,1808625,AREA JAWA II,KOSPIN JASA,,1-Jan-19,31-Dec-19,BERAKHIR,1
626,1808626,AREA SUMATERA,BALAI KONSTRUKSI ACEH,,1-Jan-19,31-Dec-19,BERAKHIR,1
627,1808627,AREA JAWA II,HOTEL QUELS,,1-Jan-19,31-Dec-19,BERAKHIR,1
628,1808628,AREA JAWA I,RS ASRI,,1-Jan-19,31-Dec-19,BERAKHIR,1